year,wheat_yield,actual_index,strike,itm,premium,po_actual,rev_without,rev_with,z_star,rev_diff,region
2015,9.1,2863.632380952381,2744.429528236564,True,59.49321756978377,62.01255390647439,1456.0,1459.7642101171282,1.494127664618528,3.7642101171281865,11
2016,5.0,2679.8414880952378,2744.429528236564,False,63.5355525253709,0.0,800.0,705.0697732850198,1.494127664618528,-94.93022671498022,11
2017,8.2,2925.9988095238095,2744.429528236564,True,46.81731043083595,94.45725993175904,1312.0,1383.1801664903587,1.494127664618528,71.18016649035872,11
2018,7.7,3050.1233928571432,2744.429528236564,True,55.40269343038758,159.0302314648108,1232.0,1386.8327713935405,1.494127664618528,154.8327713935405,11
2019,8.8,2902.8558928571433,2744.429528236564,True,62.76763875266083,82.41768760066624,1408.0,1437.3596815949102,1.494127664618528,29.35968159491017,11
2020,7.8,2923.8991666666666,2744.429528236564,True,66.55823744579088,93.3649688254939,1248.0,1288.052678952412,1.494127664618528,40.05267895241195,11
2021,8.3,2593.411111111111,2744.429528236564,False,62.40414976036097,0.0,1328.0,1234.760233456047,1.494127664618528,-93.23976654395301,11
2022,8.6,3032.184027777778,2744.429528236564,True,79.21366871369693,149.6976876650058,1376.0,1481.312122628647,1.494127664618528,105.3121226286471,11
2023,8.399898566703417,2884.8,2744.429528236564,True,66.19610296160116,73.02452289342143,1343.9837706725466,1354.186301798312,1.494127664618528,10.20253112576529,11
2024,6.576977501781533,2869.4256944444446,2744.429528236564,True,94.23070513391947,65.0263925608242,1052.3164002850453,1008.6814289434169,1.494127664618528,-43.63497134162844,11
2015,7.6,1997.9162698412702,1866.2374490235445,True,84.74233092952858,100.16579401230963,1216.0,1234.6170357734625,1.2070593791770987,18.617035773462476,24
2016,3.6,1790.3942460317462,1866.2374490235445,False,49.48819620702854,0.0,576.0,516.2648086097497,1.2070593791770987,-59.73519139025029,24
2017,6.9,1968.0877182539682,1866.2374490235445,True,87.01768747848399,77.47573242590575,1104.0,1092.482293658099,1.2070593791770987,-11.517706341900976,24
2018,6.9,2135.6593253968254,1866.2374490235445,True,52.76605933460353,204.9445461588097,1104.0,1287.6884698301365,1.2070593791770987,183.68846983013646,24
2019,7.650000514694528,1969.874365079365,1866.2374490235445,True,96.85231659388074,78.83480366282969,1224.0000823511245,1202.2518743782546,1.2070593791770987,-21.748207972869977,24
2020,6.1,1989.2711309523809,1866.2374490235445,True,104.98757621545117,93.58958687607651,976.0,962.2419500641471,1.2070593791770987,-13.75804993585291,24
2021,7.3,1799.79,1866.2374490235445,False,103.32746152578122,0.0,1168.0,1043.2776184387449,1.2070593791770987,-124.72238156125513,24
2022,7.05,2093.175,1866.2374490235445,True,74.83543656733278,172.62745704741113,1128.0,1246.0407755291576,1.2070593791770987,118.0407755291576,24
2023,6.9,2022.645,1866.2374490235445,True,111.0747066140879,118.97650993369561,1104.0,1113.5379458093453,1.2070593791770987,9.537945809345274,24
2024,6.3,1945.5100000000002,1866.2374490235445,True,87.03180290217766,60.30125393459704,1008.0,975.7346401581291,1.2070593791770987,-32.26535984187092,24
2015,6.8,1725.8938293650795,1487.0746084195582,True,106.36520257560171,199.21794790533806,1088.0,1184.4641266021395,1.038893640242715,96.46412660213946,27
2016,5.0,1544.0325396825397,1487.0746084195582,True,116.23368729628557,47.51310274868085,800.0,728.6066217597318,1.038893640242715,-71.39337824026825,27
2017,8.04130808950086,1691.5919444444444,1487.0746084195582,True,105.90471788308982,170.60404029723634,1286.6092943201377,1353.8250089042076,1.038893640242715,67.21571458406993,27
2018,6.5,1766.1788888888889,1487.0746084195582,True,114.4129338127035,232.82289334399883,1040.0,1163.01535389846,1.038893640242715,123.01535389846003,27
2019,7.9,1670.639384920635,1487.0746084195582,True,123.87156906149932,153.125857866309,1264.0,1294.3920945891405,1.038893640242715,30.39209458914047,27
2020,8.4,1613.997619047619,1487.0746084195582,True,125.4235250066868,105.8764936054193,1344.0,1323.6927133915985,1.038893640242715,-20.307286608401455,27
2021,6.1,1522.02,1487.0746084195582,True,130.7936827563957,29.150707266531874,976.0,870.4037591882343,1.038893640242715,-105.59624081176571,27
2022,6.7,1799.8454545454547,1487.0746084195582,True,130.19156505996665,260.9068310461964,1072.0,1207.799258515729,1.038893640242715,135.79925851572898,27
2023,6.5,1736.6,1487.0746084195582,True,138.0819601452303,208.14880922951843,1040.0,1112.792003905513,1.038893640242715,72.79200390551296,27
2024,5.3,1640.3045454545454,1487.0746084195582,True,154.25124631218713,127.82117575342836,848.0,820.5419677853392,1.038893640242715,-27.45803221466076,27
2015,9.6,1970.3714682539683,1806.282759794405,True,50.446505046055236,59.00422782194742,1536.0,1552.3939239138836,1.915687659346332,16.393923913883555,28
2016,6.5,1876.853472222222,1806.282759794405,True,51.521834450428244,25.376337182117528,1040.0,989.913393535624,1.915687659346332,-50.08660646437602,28
2017,9.5,2127.5021031746032,1806.282759794405,True,50.069249456975896,115.50642025007024,1520.0,1645.357180550869,1.915687659346332,125.35718055086909,28
2018,8.6,2130.2003373015873,1806.282759794405,True,55.00265238999431,116.47667117495185,1376.0,1493.7650191567677,1.915687659346332,117.76501915676772,28
2019,9.8,2049.2555555555555,1806.282759794405,True,56.83664017311101,87.36994964622673,1568.0,1626.4922841566502,1.915687659346332,58.49228415665016,28
2020,8.4,2038.5529166666665,1806.282759794405,True,59.570546916858234,83.52141583043611,1344.0,1389.8823840083628,1.915687659346332,45.882384008362806,28
2021,7.8,1859.3916666666669,1806.282759794405,True,49.514529225067875,19.09729237242284,1248.0,1189.7300747299735,1.915687659346332,-58.26992527002653,28
2022,9.8,2130.9975,1806.282759794405,True,60.902970486577416,116.76332081653818,1568.0,1675.0109837738685,1.915687659346332,107.01098377386847,28
2023,8.9,2080.0291666666667,1806.282759794405,True,65.38296102124865,98.43575166240556,1424.0,1487.3188231382223,1.915687659346332,63.31882313822234,28
2024,7.499995906085604,2051.9708333333333,1806.282759794405,True,69.80710910712125,88.3463292527452,1199.9993449736967,1235.5147002205736,1.915687659346332,35.51535524687688,28
2015,9.9,1747.731746031746,1672.3179140531456,True,46.60775985427748,34.88048030433798,1584.0,1569.8229036595155,1.2088989846377083,-14.177096340484468,32
2016,5.9,1701.617857142857,1672.3179140531456,True,47.80173516908484,13.551838715063644,944.0,902.5953349527872,1.2088989846377083,-41.4046650472128,32
2017,8.8,1857.8957341269843,1672.3179140531456,True,46.78820813246071,85.83363725429452,1408.0,1455.2019796201284,1.2088989846377083,47.20197962012844,32
2018,8.4,1985.2402904040405,1672.3179140531456,True,52.76462648989261,144.73316762621542,1344.0,1455.180675998312,1.2088989846377083,111.18067599831193,32
2019,9.5,1804.100634920635,1672.3179140531456,True,56.01021918101923,60.95227465665562,1520.0,1525.9744458465202,1.2088989846377083,5.9744458465202115,32
2020,9.1,1832.848143939394,1672.3179140531456,True,60.482179774864285,74.24860101774199,1456.0,1472.6422126626098,1.2088989846377083,16.642212662609836,32
2021,8.3,1631.9346153846154,1672.3179140531456,False,48.49297629298403,0.0,1328.0,1269.3768901973513,1.2088989846377083,-58.62310980264874,32
2022,9.200014749884108,1875.616491841492,1672.3179140531456,True,62.76501911611389,94.0298596742642,1472.0023599814572,1509.7983939870649,1.2088989846377083,37.79603400560768,32
2023,8.9,1815.576923076923,1672.3179140531456,True,67.62962965727837,66.2602988280822,1424.0,1422.3446173509517,1.2088989846377083,-1.6553826490483061,32
2024,7.500017796454488,1800.5939393939393,1672.3179140531456,True,71.59495195268403,59.33035436639736,1200.002847432718,1185.176187863666,1.2088989846377083,-14.826659569052026,32
2015,7.2,2807.2535643523147,2554.223663023172,True,90.8110706446701,100.80736428635844,1152.0,1158.1158336865137,0.6118101274064645,6.115833686513724,44
2016,4.18,2575.9930923243423,2554.223663023172,True,96.49735030387403,8.672962279721139,668.8,615.0681499735482,0.6118101274064645,-53.73185002645175,44
2017,6.2,2826.845436507937,2554.223663023172,True,95.70955033929037,108.61278563406893,992.0,999.894330029654,0.6118101274064645,7.894330029654043,44
2018,6.25,2963.853311516915,2554.223663023172,True,97.50801113044747,163.19685926955574,1000.0,1040.1891025491718,0.6118101274064645,40.18910254917182,44
2019,6.8,2809.98128963765,2554.223663023172,True,100.52517466702598,101.8940927523125,1088.0,1088.8375179481682,0.6118101274064645,0.8375179481681698,44
2020,7.0,2815.975666494668,2554.223663023172,True,108.97725019635669,104.2822584525752,1120.0,1117.1275565030649,0.6118101274064645,-2.8724434969351478,44
2021,6.2,2498.2526315789473,2554.223663023172,False,107.49466426827237,0.0,992.0,926.2336757585132,0.6118101274064645,-65.76632424148681,44
2022,6.3,2967.54854876161,2554.223663023172,True,106.88102357767205,164.66904546215108,1008.0,1043.3552970317107,0.6118101274064645,35.355297031710734,44
2023,6.3,2839.884210526316,2554.223663023172,True,114.24599586137924,113.80744616791813,1008.0,1007.7316908561695,0.6118101274064645,-0.26830914383049276,44
2024,5.2,2865.83125,2554.223663023172,True,119.27534947546921,124.14477249431833,832.0,834.979162317558,0.6118101274064645,2.979162317558007,44
2015,7.2,2975.862738095238,2511.7699590403163,True,67.09503302822422,58.30341162007142,1152.0,1119.9973520202843,3.6401303575286437,-32.002647979715675,52
2016,6.2,2912.8294642857145,2511.7699590403163,True,64.67581456858657,50.3846180629702,992.0,939.9781817544987,3.6401303575286437,-52.02181824550132,52
2017,7.1,3160.559523809524,2511.7699590403163,True,61.154952912574075,81.50664426750241,1136.0,1210.0828095281279,3.6401303575286437,74.08280952812788,52
2018,5.7,3110.470833333333,2511.7699590403163,True,67.99577429523094,75.21406297741922,912.0,938.2755117614391,3.6401303575286437,26.275511761439134,52
2019,7.440000486831215,3097.8562500000003,2511.7699590403163,True,68.90170106611151,73.62930820920951,1190.4000778929944,1207.6091841730547,3.6401303575286437,17.20910628006027,52
2020,4.9,3149.9636904761905,2511.7699590403163,True,63.8076335330826,80.17550260753296,784.0,843.581177105961,3.6401303575286437,59.581177105961046,52
2021,6.7,2867.50625,2511.7699590403163,True,71.48922033533482,44.69071775315305,1072.0,974.4499572142904,3.6401303575286437,-97.55004278570959,52
2022,6.679999480134645,3352.34375,2511.7699590403163,True,71.60222267720975,105.60026344552662,1068.7999168215433,1192.55721711879,3.6401303575286437,123.75730029724673,52
2023,6.8,3163.4437499999995,2511.7699590403163,True,74.2920363164881,81.86898609736483,1088.0,1115.5810849148395,3.6401303575286437,27.581084914839494,52
2024,4.8,3116.558035714286,2511.7699590403163,True,75.93703663426409,75.97879081212956,768.0,768.1519906504017,3.6401303575286437,0.1519906504016717,52
2015,7.9,2372.561544011544,2625.7122836449657,False,0.0,0.0,1264.0,1264.0,0.6942659349487358,0.0,53
2016,6.8,2537.4067424242426,2625.7122836449657,False,0.0,0.0,1088.0,1088.0,0.6942659349487358,0.0,53
2017,7.709919999999999,2475.365618686869,2625.7122836449657,False,0.0,0.0,1233.5872,1233.5872,0.6942659349487358,0.0,53
2018,6.8994368463395,2594.134768842269,2625.7122836449657,False,0.0,0.0,1103.90989541432,1103.90989541432,0.6942659349487358,0.0,53
2019,7.8800096766389816,2488.5210547785546,2625.7122836449657,False,0.0,0.0,1260.801548262237,1260.801548262237,0.6942659349487358,0.0,53
2020,6.78594315245478,2485.2856143856143,2625.7122836449657,False,0.0,0.0,1085.7509043927648,1085.7509043927648,0.6942659349487358,0.0,53
2021,7.432581330717672,2405.2566666666667,2625.7122836449657,False,0.0,0.0,1189.2130129148275,1189.2130129148275,0.6942659349487358,0.0,53
2022,7.45899946066975,2671.5602380952378,2625.7122836449657,True,0.0,8.754261293454967,1193.43991370716,1199.517699108846,0.6942659349487358,6.077785401686015,53
2023,7.179999345742419,2640.25,2625.7122836449657,True,0.0,2.775848325362934,1148.799895318787,1150.727072251671,0.6942659349487358,1.9271769328838673,53
2024,6.522999243978832,2455.59347985348,2625.7122836449657,False,0.0,0.0,1043.679879036613,1043.679879036613,0.6942659349487358,0.0,53
