region,year,mo_start,mo_end,yield_detrend,temp_index,strike,payoff,fair_premium,rev_without,rev_with_sd,rev_with_var,z_sd,z_var
11,2000,5,5,8.5665,484.75,450.57,34.18,18.9222,1370.64,1371.0,1370.64,0.0234,0.0
11,2001,5,5,7.8903,486.79,450.57,36.22,18.9222,1262.45,1262.86,1262.45,0.0234,0.0
11,2002,5,5,8.7127,424.75,450.57,0.0,18.9222,1394.03,1393.59,1394.03,0.0234,0.0
11,2003,5,5,7.0775,449.51,450.57,0.0,18.9222,1132.4,1131.96,1132.4,0.0234,0.0
11,2004,5,5,9.0263,407.16,450.57,0.0,18.9222,1444.2,1443.76,1444.2,0.0234,0.0
11,2005,5,5,8.171,448.83,450.57,0.0,18.9222,1307.37,1306.93,1307.37,0.0234,0.0
11,2006,5,5,7.6954,458.98,450.57,8.41,18.9222,1231.26,1231.02,1231.26,0.0234,0.0
11,2007,5,5,8.0235,479.36,450.57,28.79,18.9222,1283.75,1283.98,1283.75,0.0234,0.0
11,2008,5,5,8.5141,514.46,450.57,63.88,18.9222,1362.25,1363.3,1362.25,0.0234,0.0
11,2009,5,5,9.0045,455.02,450.57,4.45,18.9222,1440.72,1440.38,1440.72,0.0234,0.0
11,2010,5,5,8.7525,397.01,450.57,0.0,18.9222,1400.41,1399.96,1400.41,0.0234,0.0
11,2011,5,5,7.6345,487.42,450.57,36.85,18.9222,1221.52,1221.94,1221.52,0.0234,0.0
11,2012,5,5,8.4165,470.81,450.57,20.24,18.9222,1346.63,1346.67,1346.63,0.0234,0.0
11,2013,5,5,8.6984,366.13,450.57,0.0,18.9222,1391.75,1391.31,1391.75,0.0234,0.0
11,2014,5,5,8.4804,429.36,450.57,0.0,18.9222,1356.86,1356.42,1356.86,0.0234,0.0
11,2015,5,5,9.2623,431.32,450.57,0.0,18.9222,1481.98,1481.53,1481.98,0.0234,0.0
11,2016,5,5,5.1443,426.3,450.57,0.0,18.9222,823.09,822.65,823.09,0.0234,0.0
11,2017,5,5,8.3263,484.71,450.57,34.14,18.9222,1332.2,1332.56,1332.2,0.0234,0.0
11,2018,5,5,7.8082,501.12,450.57,50.55,18.9222,1249.32,1250.06,1249.32,0.0234,0.0
11,2019,5,5,8.8902,403.78,450.57,0.0,18.9222,1422.43,1421.99,1422.43,0.0234,0.0
11,2020,5,5,7.8722,460.08,450.57,9.51,18.9222,1259.54,1259.32,1259.54,0.0234,0.0
11,2021,5,5,8.3541,377.32,450.57,0.0,18.9222,1336.66,1336.22,1336.66,0.0234,0.0
11,2022,5,5,8.6361,500.45,450.57,49.87,18.9222,1381.77,1382.5,1381.77,0.0234,0.0
11,2023,5,5,8.4179,455.26,450.57,4.69,18.9222,1346.87,1346.54,1346.87,0.0234,0.0
11,2024,5,5,6.577,463.67,450.57,13.1,18.9222,1052.32,1052.18,1052.32,0.0234,0.0
24,2000,4,5,7.2965,780.78,769.54,11.24,33.1277,1167.43,1157.03,1153.41,0.4753,0.6406
24,2001,4,5,6.4742,750.2,769.54,0.0,33.1277,1035.88,1020.13,1014.65,0.4753,0.6406
24,2002,4,5,7.7972,736.13,769.54,0.0,33.1277,1247.56,1231.82,1226.34,0.4753,0.6406
24,2003,4,5,5.7271,795.39,769.54,25.85,33.1277,916.34,912.88,911.68,0.4753,0.6406
24,2004,4,5,7.4202,714.63,769.54,0.0,33.1277,1187.22,1171.48,1166.0,0.4753,0.6406
24,2005,4,5,6.9418,758.14,769.54,0.0,33.1277,1110.69,1094.94,1089.46,0.4753,0.6406
24,2006,4,5,6.5137,750.61,769.54,0.0,33.1277,1042.2,1026.45,1020.97,0.4753,0.6406
24,2007,4,5,6.4269,901.8,769.54,132.26,33.1277,1028.3,1075.41,1091.81,0.4753,0.6406
24,2008,4,5,6.9465,768.59,769.54,0.0,33.1277,1111.44,1095.7,1090.22,0.4753,0.6406
24,2009,4,5,7.2702,809.72,769.54,40.18,33.1277,1163.24,1166.59,1167.75,0.4753,0.6406
24,2010,4,5,6.6974,726.37,769.54,0.0,33.1277,1071.58,1055.84,1050.36,0.4753,0.6406
24,2011,4,5,6.5976,884.71,769.54,115.17,33.1277,1055.61,1094.6,1108.17,0.4753,0.6406
24,2012,4,5,7.5978,736.56,769.54,0.0,33.1277,1215.64,1199.9,1194.42,0.4753,0.6406
24,2013,4,5,7.1979,646.18,769.54,0.0,33.1277,1151.67,1135.93,1130.45,0.4753,0.6406
24,2014,4,5,7.3981,754.16,769.54,0.0,33.1277,1183.7,1167.96,1162.48,0.4753,0.6406
24,2015,4,5,7.5983,789.73,769.54,20.19,33.1277,1215.73,1209.58,1207.44,0.4753,0.6406
24,2016,4,5,3.5985,676.79,769.54,0.0,33.1277,575.76,560.02,554.54,0.4753,0.6406
24,2017,4,5,6.8987,758.79,769.54,0.0,33.1277,1103.79,1088.05,1082.57,0.4753,0.6406
24,2018,4,5,6.8989,871.45,769.54,101.91,33.1277,1103.82,1136.51,1147.89,0.4753,0.6406
24,2019,4,5,7.6491,711.45,769.54,0.0,33.1277,1223.85,1208.11,1202.63,0.4753,0.6406
24,2020,4,5,6.0993,863.33,769.54,93.8,33.1277,975.88,1004.71,1014.75,0.4753,0.6406
24,2021,4,5,7.2994,650.6,769.54,0.0,33.1277,1167.91,1152.17,1146.69,0.4753,0.6406
24,2022,4,5,7.0496,839.36,769.54,69.82,33.1277,1127.94,1145.38,1151.45,0.4753,0.6406
24,2023,4,5,6.8998,769.5,769.54,0.0,33.1277,1103.97,1088.23,1082.75,0.4753,0.6406
24,2024,4,5,6.3,793.46,769.54,23.92,33.1277,1008.0,1003.63,1002.1,0.4753,0.6406
27,2000,4,4,7.2468,304.46,323.63,19.16,4.33,1159.5,1178.67,1159.5,1.2925,0.0
27,2001,4,4,6.1855,247.44,323.63,76.19,4.33,989.68,1082.56,989.68,1.2925,0.0
27,2002,4,4,7.0134,304.65,323.63,18.98,4.33,1122.15,1141.08,1122.15,1.2925,0.0
27,2003,4,4,5.0337,335.69,323.63,0.0,4.33,805.4,799.8,805.4,1.2925,0.0
27,2004,4,4,7.5526,305.47,323.63,18.15,4.33,1208.42,1226.28,1208.42,1.2925,0.0
27,2005,4,4,6.6066,324.36,323.63,0.0,4.33,1057.05,1051.45,1057.05,1.2925,0.0
27,2006,4,4,6.4165,301.5,323.63,22.13,4.33,1026.64,1049.65,1026.64,1.2925,0.0
27,2007,4,4,5.932,433.52,323.63,0.0,4.33,949.12,943.52,949.12,1.2925,0.0
27,2008,4,4,6.3574,279.75,323.63,43.88,4.33,1017.19,1068.3,1017.19,1.2925,0.0
27,2009,4,4,7.0689,366.49,323.63,0.0,4.33,1131.02,1125.43,1131.02,1.2925,0.0
27,2010,4,4,6.7647,337.66,323.63,0.0,4.33,1082.35,1076.75,1082.35,1.2925,0.0
27,2011,4,4,7.1672,394.13,323.63,0.0,4.33,1146.75,1141.15,1146.75,1.2925,0.0
27,2012,4,4,6.0697,292.71,323.63,30.92,4.33,971.15,1005.52,971.15,1.2925,0.0
27,2013,4,4,6.4722,310.6,323.63,13.03,4.33,1035.56,1046.8,1035.56,1.2925,0.0
27,2014,4,4,7.3748,352.4,323.63,0.0,4.33,1179.96,1174.36,1179.96,1.2925,0.0
27,2015,4,4,6.7773,336.65,323.63,0.0,4.33,1084.37,1078.77,1084.37,1.2925,0.0
27,2016,4,4,4.9798,281.48,323.63,42.15,4.33,796.77,845.65,796.77,1.2925,0.0
27,2017,4,4,8.0236,286.78,323.63,36.84,4.33,1283.78,1325.8,1283.78,1.2925,0.0
27,2018,4,4,6.4849,396.29,323.63,0.0,4.33,1037.58,1031.98,1037.58,1.2925,0.0
27,2019,4,4,7.8874,314.45,323.63,9.17,4.33,1261.98,1268.24,1261.98,1.2925,0.0
27,2020,4,4,8.3899,395.07,323.63,0.0,4.33,1342.38,1336.79,1342.38,1.2925,0.0
27,2021,4,4,6.0924,262.12,323.63,61.5,4.33,974.79,1048.68,974.79,1.2925,0.0
27,2022,4,4,6.695,307.25,323.63,16.38,4.33,1071.19,1086.76,1071.19,1.2925,0.0
27,2023,4,4,6.4975,292.51,323.63,31.11,4.33,1039.6,1074.21,1039.6,1.2925,0.0
27,2024,4,4,5.3,327.2,323.63,0.0,4.33,848.0,842.4,848.0,1.2925,0.0
28,2000,7,7,8.7982,507.85,558.45,50.6,10.0194,1407.71,1407.71,1505.2,0.0,2.4024
28,2001,7,7,8.4055,559.24,558.45,0.0,10.0194,1344.88,1344.88,1320.81,0.0,2.4024
28,2002,7,7,9.3969,524.24,558.45,34.21,10.0194,1503.51,1503.51,1561.62,0.0,2.4024
28,2003,7,7,8.8612,575.83,558.45,0.0,10.0194,1417.8,1417.8,1393.73,0.0,2.4024
28,2004,7,7,9.6494,522.64,558.45,35.8,10.0194,1543.9,1543.9,1605.84,0.0,2.4024
28,2005,7,7,8.7226,551.64,558.45,6.81,10.0194,1395.61,1395.61,1387.9,0.0,2.4024
28,2006,7,7,8.5638,636.09,558.45,0.0,10.0194,1370.21,1370.21,1346.14,0.0,2.4024
28,2007,7,7,7.8019,518.23,558.45,40.21,10.0194,1248.31,1248.31,1320.85,0.0,2.4024
28,2008,7,7,9.4515,541.94,558.45,16.51,10.0194,1512.24,1512.24,1527.84,0.0,2.4024
28,2009,7,7,9.3164,552.34,558.45,6.11,10.0194,1490.62,1490.62,1481.22,0.0,2.4024
28,2010,7,7,9.9593,586.64,558.45,0.0,10.0194,1593.48,1593.48,1569.41,0.0,2.4024
28,2011,7,7,10.005,497.48,558.45,60.97,10.0194,1600.81,1600.81,1723.2,0.0,2.4024
28,2012,7,7,9.3508,517.13,558.45,41.32,10.0194,1496.13,1496.13,1571.32,0.0,2.4024
28,2013,7,7,9.4966,589.46,558.45,0.0,10.0194,1519.45,1519.45,1495.38,0.0,2.4024
28,2014,7,7,8.8423,565.94,558.45,0.0,10.0194,1414.77,1414.77,1390.7,0.0,2.4024
28,2015,7,7,10.0881,559.11,558.45,0.0,10.0194,1614.1,1614.1,1590.03,0.0,2.4024
28,2016,7,7,6.9339,551.99,558.45,6.46,10.0194,1109.42,1109.42,1100.86,0.0,2.4024
28,2017,7,7,9.8796,567.67,558.45,0.0,10.0194,1580.74,1580.74,1556.67,0.0,2.4024
28,2018,7,7,8.9254,624.64,558.45,0.0,10.0194,1428.06,1428.06,1403.99,0.0,2.4024
28,2019,7,7,10.0712,592.11,558.45,0.0,10.0194,1611.39,1611.39,1587.32,0.0,2.4024
28,2020,7,7,8.6169,544.84,558.45,13.61,10.0194,1378.71,1378.71,1387.33,0.0,2.4024
28,2021,7,7,7.9627,550.55,558.45,7.89,10.0194,1274.03,1274.03,1268.92,0.0,2.4024
28,2022,7,7,9.9085,604.14,558.45,0.0,10.0194,1585.35,1585.35,1561.28,0.0,2.4024
28,2023,7,7,8.9542,561.78,558.45,0.0,10.0194,1432.68,1432.68,1408.61,0.0,2.4024
28,2024,7,7,7.5,557.67,558.45,0.78,10.0194,1200.0,1200.0,1177.81,0.0,2.4024
32,2000,6,6,8.896,485.11,489.69,0.0,17.4871,1423.35,1423.35,1398.15,0.0,1.4414
32,2001,6,6,8.9358,440.09,489.69,0.0,17.4871,1429.72,1429.72,1404.51,0.0,1.4414
32,2002,6,6,9.2499,481.17,489.69,0.0,17.4871,1479.98,1479.98,1454.77,0.0,1.4414
32,2003,6,6,8.8331,534.22,489.69,44.53,17.4871,1413.29,1413.29,1452.27,0.0,1.4414
32,2004,6,6,9.7985,424.07,489.69,0.0,17.4871,1567.77,1567.77,1542.56,0.0,1.4414
32,2005,6,6,8.7586,508.7,489.69,19.01,17.4871,1401.37,1401.37,1403.56,0.0,1.4414
32,2006,6,6,8.6067,489.78,489.69,0.09,17.4871,1377.07,1377.07,1351.99,0.0,1.4414
32,2007,6,6,7.9733,498.72,489.69,9.03,17.4871,1275.73,1275.73,1263.53,0.0,1.4414
32,2008,6,6,9.4464,454.31,489.69,0.0,17.4871,1511.42,1511.42,1486.22,0.0,1.4414
32,2009,6,6,9.655,459.12,489.69,0.0,17.4871,1544.79,1544.79,1519.59,0.0,1.4414
32,2010,6,6,9.0068,493.63,489.69,3.94,17.4871,1441.09,1441.09,1421.56,0.0,1.4414
32,2011,6,6,8.7778,488.13,489.69,0.0,17.4871,1404.44,1404.44,1379.24,0.0,1.4414
32,2012,6,6,8.8573,458.28,489.69,0.0,17.4871,1417.17,1417.17,1391.96,0.0,1.4414
32,2013,6,6,9.6197,452.74,489.69,0.0,17.4871,1539.15,1539.15,1513.94,0.0,1.4414
32,2014,6,6,9.3682,479.36,489.69,0.0,17.4871,1498.91,1498.91,1473.7,0.0,1.4414
32,2015,6,6,10.1615,480.19,489.69,0.0,17.4871,1625.85,1625.85,1600.64,0.0,1.4414
32,2016,6,6,6.1325,469.84,489.69,0.0,17.4871,981.2,981.2,955.99,0.0,1.4414
32,2017,6,6,9.0034,552.98,489.69,63.29,17.4871,1440.55,1440.55,1506.57,0.0,1.4414
32,2018,6,6,8.5744,507.55,489.69,17.86,17.4871,1371.9,1371.9,1372.43,0.0,1.4414
32,2019,6,6,9.6453,526.75,489.69,37.06,17.4871,1543.25,1543.25,1571.46,0.0,1.4414
32,2020,6,6,9.2162,494.9,489.69,5.21,17.4871,1474.6,1474.6,1456.9,0.0,1.4414
32,2021,6,6,8.3872,514.19,489.69,24.5,17.4871,1341.95,1341.95,1352.06,0.0,1.4414
32,2022,6,6,9.2581,517.43,489.69,27.74,17.4871,1481.3,1481.3,1496.08,0.0,1.4414
32,2023,6,6,8.9291,566.91,489.69,77.22,17.4871,1428.65,1428.65,1514.74,0.0,1.4414
32,2024,6,6,7.5,464.12,489.69,0.0,17.4871,1200.0,1200.0,1174.8,0.0,1.4414
44,2000,4,8,6.1056,2476.12,2521.26,45.14,15.3176,976.9,991.79,976.9,0.4995,0.0
44,2001,4,8,5.7033,2470.24,2521.26,51.03,15.3176,912.52,930.36,912.52,0.4995,0.0
44,2002,4,8,6.2091,2470.33,2521.26,50.93,15.3176,993.45,1011.24,993.45,0.4995,0.0
44,2003,4,8,4.8402,2783.66,2521.26,0.0,15.3176,774.44,766.79,774.44,0.4995,0.0
44,2004,4,8,7.1142,2413.51,2521.26,107.75,15.3176,1138.27,1184.44,1138.27,0.4995,0.0
44,2005,4,8,6.288,2448.21,2521.26,73.05,15.3176,1006.07,1034.91,1006.07,0.4995,0.0
44,2006,4,8,6.0864,2518.27,2521.26,2.99,15.3176,973.82,967.66,973.82,0.4995,0.0
44,2007,4,8,5.8333,2555.7,2521.26,0.0,15.3176,933.33,925.68,933.33,0.4995,0.0
44,2008,4,8,6.1026,2432.93,2521.26,88.33,15.3176,976.42,1012.89,976.42,0.4995,0.0
44,2009,4,8,6.9621,2581.01,2521.26,0.0,15.3176,1113.94,1106.29,1113.94,0.4995,0.0
44,2010,4,8,5.3621,2416.32,2521.26,104.95,15.3176,857.93,902.7,857.93,0.4995,0.0
44,2011,4,8,5.6291,2529.78,2521.26,0.0,15.3176,900.65,893.0,900.65,0.4995,0.0
44,2012,4,8,4.1961,2441.36,2521.26,79.9,15.3176,671.37,703.63,671.37,0.4995,0.0
44,2013,4,8,5.5281,2390.24,2521.26,131.03,15.3176,884.5,942.29,884.5,0.4995,0.0
44,2014,4,8,5.2301,2432.78,2521.26,88.48,15.3176,836.81,873.35,836.81,0.4995,0.0
44,2015,4,8,6.5971,2596.53,2521.26,0.0,15.3176,1055.53,1047.88,1055.53,0.4995,0.0
44,2016,4,8,3.644,2404.52,2521.26,116.74,15.3176,583.05,633.7,583.05,0.4995,0.0
44,2017,4,8,5.731,2544.45,2521.26,0.0,15.3176,916.97,909.32,916.97,0.4995,0.0
44,2018,4,8,5.848,2793.31,2521.26,0.0,15.3176,935.69,928.04,935.69,0.4995,0.0
44,2019,4,8,6.465,2556.31,2521.26,0.0,15.3176,1034.4,1026.75,1034.4,0.4995,0.0
44,2020,4,8,6.732,2586.37,2521.26,0.0,15.3176,1077.12,1069.47,1077.12,0.4995,0.0
44,2021,4,8,5.999,2290.97,2521.26,230.29,15.3176,959.84,1067.21,959.84,0.4995,0.0
44,2022,4,8,6.166,2722.41,2521.26,0.0,15.3176,986.56,978.91,986.56,0.4995,0.0
44,2023,4,8,6.233,2593.06,2521.26,0.0,15.3176,997.28,989.63,997.28,0.4995,0.0
44,2024,4,8,5.2,2583.16,2521.26,0.0,15.3176,832.0,824.35,832.0,0.4995,0.0
52,2000,4,5,6.1602,785.94,791.3,0.0,25.9946,985.63,942.48,933.07,1.6601,2.022
52,2001,4,5,5.4379,766.71,791.3,0.0,25.9946,870.06,826.9,817.49,1.6601,2.022
52,2002,4,5,7.2144,761.24,791.3,0.0,25.9946,1154.31,1111.16,1101.75,1.6601,2.022
52,2003,4,5,5.9589,806.48,791.3,15.18,25.9946,953.42,935.46,931.55,1.6601,2.022
52,2004,4,5,6.8914,754.5,791.3,0.0,25.9946,1102.62,1059.46,1050.06,1.6601,2.022
52,2005,4,5,6.7102,758.63,791.3,0.0,25.9946,1073.63,1030.48,1021.07,1.6601,2.022
52,2006,4,5,6.3657,764.87,791.3,0.0,25.9946,1018.52,975.36,965.95,1.6601,2.022
52,2007,4,5,5.5513,891.69,791.3,100.39,25.9946,888.22,1011.71,1038.64,1.6601,2.022
52,2008,4,5,6.5656,798.61,791.3,7.31,25.9946,1050.49,1019.47,1012.7,1.6601,2.022
52,2009,4,5,7.2127,793.81,791.3,2.51,25.9946,1154.04,1115.05,1106.55,1.6601,2.022
52,2010,4,5,6.3165,765.96,791.3,0.0,25.9946,1010.65,967.49,958.09,1.6601,2.022
52,2011,4,5,5.9297,905.03,791.3,113.73,25.9946,948.74,1094.39,1126.15,1.6601,2.022
52,2012,4,5,7.4428,741.9,791.3,0.0,25.9946,1190.84,1147.69,1138.28,1.6601,2.022
52,2013,4,5,6.5559,669.11,791.3,0.0,25.9946,1048.94,1005.78,996.38,1.6601,2.022
52,2014,4,5,6.969,775.6,791.3,0.0,25.9946,1115.03,1071.88,1062.47,1.6601,2.022
52,2015,4,5,7.0821,811.3,791.3,20.0,25.9946,1133.13,1123.17,1121.0,1.6601,2.022
52,2016,4,5,6.0952,722.15,791.3,0.0,25.9946,975.23,932.07,922.67,1.6601,2.022
52,2017,4,5,7.0083,807.07,791.3,15.77,25.9946,1121.32,1104.35,1100.65,1.6601,2.022
52,2018,4,5,5.6214,867.94,791.3,76.64,25.9946,899.42,983.49,1001.82,1.6601,2.022
52,2019,4,5,7.3745,748.22,791.3,0.0,25.9946,1179.92,1136.76,1127.36,1.6601,2.022
52,2020,4,5,4.8476,894.19,791.3,102.89,25.9946,775.61,903.27,931.1,1.6601,2.022
52,2021,4,5,6.6607,696.48,791.3,0.0,25.9946,1065.71,1022.56,1013.15,1.6601,2.022
52,2022,4,5,6.6538,860.62,791.3,69.32,25.9946,1064.61,1136.53,1152.21,1.6601,2.022
52,2023,4,5,6.7869,822.71,791.3,31.41,25.9946,1085.9,1094.9,1096.86,1.6601,2.022
52,2024,4,5,4.8,811.78,791.3,20.48,25.9946,768.0,758.85,756.85,1.6601,2.022
53,2000,5,5,6.852,426.37,413.04,13.33,11.0567,1096.31,1097.89,1096.81,0.692,0.2202
53,2001,5,5,7.028,423.39,413.04,10.35,11.0567,1124.47,1123.99,1124.32,0.692,0.2202
53,2002,5,5,7.6042,404.44,413.04,0.0,11.0567,1216.67,1209.02,1214.23,0.692,0.2202
53,2003,5,5,7.2511,413.48,413.04,0.43,11.0567,1160.18,1152.83,1157.84,0.692,0.2202
53,2004,5,5,7.7201,407.9,413.04,0.0,11.0567,1235.22,1227.57,1232.79,0.692,0.2202
53,2005,5,5,7.3423,399.63,413.04,0.0,11.0567,1174.77,1167.12,1172.34,0.692,0.2202
53,2006,5,5,7.4439,410.9,413.04,0.0,11.0567,1191.02,1183.37,1188.59,0.692,0.2202
53,2007,5,5,5.8292,417.79,413.04,4.75,11.0567,932.67,928.31,931.28,0.692,0.2202
53,2008,5,5,7.455,460.65,413.04,47.61,11.0567,1192.8,1218.1,1200.85,0.692,0.2202
53,2009,5,5,7.7688,407.15,413.04,0.0,11.0567,1243.01,1235.36,1240.58,0.692,0.2202
53,2010,5,5,6.8908,383.2,413.04,0.0,11.0567,1102.52,1094.87,1100.09,0.692,0.2202
53,2011,5,5,7.1771,421.0,413.04,7.96,11.0567,1148.34,1146.2,1147.66,0.692,0.2202
53,2012,5,5,7.0635,411.23,413.04,0.0,11.0567,1130.16,1122.51,1127.73,0.692,0.2202
53,2013,5,5,7.6499,346.25,413.04,0.0,11.0567,1223.98,1216.33,1221.55,0.692,0.2202
53,2014,5,5,7.7363,396.84,413.04,0.0,11.0567,1237.8,1230.15,1235.37,0.692,0.2202
53,2015,5,5,8.0226,393.77,413.04,0.0,11.0567,1283.62,1275.97,1281.19,0.692,0.2202
53,2016,5,5,6.909,414.7,413.04,1.66,11.0567,1105.44,1098.94,1103.37,0.692,0.2202
53,2017,5,5,7.8053,446.85,413.04,33.81,11.0567,1248.85,1264.59,1253.86,0.692,0.2202
53,2018,5,5,6.9812,428.65,413.04,15.6,11.0567,1116.99,1120.14,1117.99,0.692,0.2202
53,2019,5,5,7.9481,389.93,413.04,0.0,11.0567,1271.7,1264.05,1269.27,0.692,0.2202
53,2020,5,5,6.8404,451.58,413.04,38.54,11.0567,1094.47,1113.49,1100.52,0.692,0.2202
53,2021,5,5,7.4735,356.35,413.04,0.0,11.0567,1195.75,1188.1,1193.32,0.692,0.2202
53,2022,5,5,7.4863,446.19,413.04,33.15,11.0567,1197.8,1213.09,1202.66,0.692,0.2202
53,2023,5,5,7.1936,435.69,413.04,22.65,11.0567,1150.98,1159.0,1153.53,0.692,0.2202
53,2024,5,5,6.523,432.11,413.04,19.07,11.0567,1043.68,1049.23,1045.44,0.692,0.2202
