year,region,model,window,index_type,strike,hdd_actual,hdd_sim_mean,hdd_sim_std,option_price,realised_payoff,pricing_error,itm_pct
2015,11,HBA,mid90day,CDD,128.22,202.15,177.17,22.75,974.88,1478.63,-503.74,98.6
2015,11,XGB,mid90day,CDD,128.22,202.15,172.82,22.54,889.7,1478.63,-588.92,97.84
2015,24,HBA,mid90day,CDD,129.48,199.73,172.97,21.92,867.6,1404.9,-537.29,97.94
2015,24,XGB,mid90day,CDD,129.48,199.73,169.94,21.82,808.87,1404.9,-596.03,97.02
2015,27,HBA,mid90day,CDD,123.14,263.53,203.92,24.29,1605.76,2807.78,-1202.02,100.0
2015,27,XGB,mid90day,CDD,123.14,263.53,201.03,23.66,1548.24,2807.78,-1259.55,99.99
2015,28,HBA,mid90day,CDD,34.43,52.15,52.19,11.34,356.84,354.3,2.54,94.93
2015,28,XGB,mid90day,CDD,34.43,52.15,50.26,11.04,320.04,354.3,-34.26,92.87
2015,32,HBA,mid90day,CDD,54.25,80.25,92.23,16.49,755.5,520.16,235.33,99.42
2015,32,XGB,mid90day,CDD,54.25,80.25,89.55,16.31,702.51,520.16,182.35,99.12
2015,44,HBA,mid90day,CDD,122.25,214.85,179.92,23.62,1147.0,1852.08,-705.08,99.52
2015,44,XGB,mid90day,CDD,122.25,214.85,175.63,23.35,1062.14,1852.08,-789.94,99.19
2015,52,HBA,mid90day,CDD,118.83,126.49,148.2,19.04,592.61,153.36,439.25,93.83
2015,52,XGB,mid90day,CDD,118.83,126.49,145.21,19.03,537.34,153.36,383.98,91.76
2015,53,HBA,mid90day,CDD,48.48,33.31,65.41,12.28,344.05,0.0,344.05,92.19
2015,53,XGB,mid90day,CDD,48.48,33.31,64.0,12.14,317.95,0.0,317.95,90.22
2016,11,HBA,mid90day,CDD,129.82,105.72,141.63,19.71,299.71,0.0,299.71,71.69
2016,11,XGB,mid90day,CDD,129.82,105.72,135.89,18.9,217.34,0.0,217.34,61.96
2016,24,HBA,mid90day,CDD,131.01,103.48,132.66,18.78,166.12,0.0,166.12,52.91
2016,24,XGB,mid90day,CDD,131.01,103.48,128.28,18.09,118.79,0.0,118.79,42.92
2016,27,HBA,mid90day,CDD,126.4,119.14,155.32,20.45,587.51,0.0,587.51,92.18
2016,27,XGB,mid90day,CDD,126.4,119.14,152.57,19.95,536.36,0.0,536.36,90.42
2016,28,HBA,mid90day,CDD,34.82,30.85,40.2,10.48,144.67,0.0,144.67,68.44
2016,28,XGB,mid90day,CDD,34.82,30.85,37.42,10.0,106.21,0.0,106.21,58.1
2016,32,HBA,mid90day,CDD,54.85,38.21,74.36,14.53,397.37,0.0,397.37,91.6
2016,32,XGB,mid90day,CDD,54.85,38.21,69.71,14.05,313.56,0.0,313.56,85.28
2016,44,HBA,mid90day,CDD,124.26,96.05,135.98,19.33,295.71,0.0,295.71,72.02
2016,44,XGB,mid90day,CDD,124.26,96.05,131.77,18.69,233.92,0.0,233.92,64.99
2016,52,HBA,mid90day,CDD,118.99,87.78,118.72,16.6,128.74,0.0,128.74,48.64
2016,52,XGB,mid90day,CDD,118.99,87.78,115.62,16.14,97.74,0.0,97.74,40.61
2016,53,HBA,mid90day,CDD,48.15,29.49,46.74,9.97,66.27,0.0,66.27,42.71
2016,53,XGB,mid90day,CDD,48.15,29.49,45.0,9.71,50.71,0.0,50.71,35.37
2017,11,HBA,mid90day,CDD,129.31,194.89,172.97,21.45,869.97,1311.56,-441.59,98.27
2017,11,XGB,mid90day,CDD,129.31,194.89,171.08,21.06,832.97,1311.56,-478.59,97.97
2017,24,HBA,mid90day,CDD,130.42,186.06,167.75,21.63,747.8,1112.77,-364.97,96.24
2017,24,XGB,mid90day,CDD,130.42,186.06,166.67,20.95,726.27,1112.77,-386.5,96.15
2017,27,HBA,mid90day,CDD,126.24,208.85,186.46,21.85,1197.33,1652.22,-454.9,99.77
2017,27,XGB,mid90day,CDD,126.24,208.85,186.72,21.71,1202.44,1652.22,-449.79,99.83
2017,28,HBA,mid90day,CDD,34.73,74.66,61.38,12.93,530.71,798.57,-267.86,98.67
2017,28,XGB,mid90day,CDD,34.73,74.66,59.55,12.51,494.51,798.57,-304.06,98.31
2017,32,HBA,mid90day,CDD,54.47,94.1,93.37,15.54,773.31,792.56,-19.25,99.72
2017,32,XGB,mid90day,CDD,54.47,94.1,90.54,15.19,717.29,792.56,-75.27,99.52
2017,44,HBA,mid90day,CDD,123.66,174.29,159.69,20.2,720.77,1012.62,-291.85,96.74
2017,44,XGB,mid90day,CDD,123.66,174.29,158.2,19.69,691.42,1012.62,-321.2,96.42
2017,52,HBA,mid90day,CDD,118.33,165.53,150.35,19.48,643.22,943.94,-300.72,95.24
2017,52,XGB,mid90day,CDD,118.33,165.53,149.78,19.0,631.6,943.94,-312.33,95.29
2017,53,HBA,mid90day,CDD,47.75,54.81,59.22,11.56,245.25,141.04,104.21,83.76
2017,53,XGB,mid90day,CDD,47.75,54.81,58.53,11.37,233.0,141.04,91.96,82.46
2018,11,HBA,mid90day,CDD,130.68,287.18,218.41,23.08,1743.87,3130.05,-1386.18,100.0
2018,11,XGB,mid90day,CDD,130.68,287.18,216.24,23.17,1700.8,3130.05,-1429.26,100.0
2018,24,HBA,mid90day,CDD,131.58,260.02,215.23,21.93,1662.66,2568.72,-906.06,100.0
2018,24,XGB,mid90day,CDD,131.58,260.02,214.21,22.19,1642.46,2568.72,-926.26,100.0
2018,27,HBA,mid90day,CDD,128.07,282.64,254.59,23.85,2514.76,3091.28,-576.52,100.0
2018,27,XGB,mid90day,CDD,128.07,282.64,253.42,23.69,2491.51,3091.28,-599.78,100.0
2018,28,HBA,mid90day,CDD,35.56,111.24,68.83,12.31,661.35,1513.55,-852.2,99.89
2018,28,XGB,mid90day,CDD,35.56,111.24,68.1,12.34,646.83,1513.55,-866.72,99.85
2018,32,HBA,mid90day,CDD,55.35,159.34,114.01,17.26,1165.95,2079.75,-913.8,100.0
2018,32,XGB,mid90day,CDD,55.35,159.34,112.25,17.12,1130.92,2079.75,-948.83,99.99
2018,44,HBA,mid90day,CDD,124.71,261.12,220.97,22.7,1913.31,2728.13,-814.82,100.0
2018,44,XGB,mid90day,CDD,124.71,261.12,218.18,22.63,1857.87,2728.13,-870.27,100.0
2018,52,HBA,mid90day,CDD,119.31,230.33,178.29,19.02,1172.3,2220.38,-1048.08,99.93
2018,52,XGB,mid90day,CDD,119.31,230.33,177.21,19.08,1150.98,2220.38,-1069.4,99.96
2018,53,HBA,mid90day,CDD,47.9,83.94,67.95,11.31,401.05,720.76,-319.71,96.7
2018,53,XGB,mid90day,CDD,47.9,83.94,67.17,11.35,386.09,720.76,-334.67,95.97
2019,11,HBA,mid90day,CDD,133.87,218.33,185.8,21.19,1032.87,1689.09,-656.22,99.47
2019,11,XGB,mid90day,CDD,133.87,218.33,182.22,20.89,962.0,1689.09,-727.09,99.18
2019,24,HBA,mid90day,CDD,134.2,242.04,189.18,21.71,1093.29,2156.73,-1063.44,99.62
2019,24,XGB,mid90day,CDD,134.2,242.04,186.28,21.51,1035.75,2156.73,-1120.98,99.43
2019,27,HBA,mid90day,CDD,131.43,257.94,218.42,23.23,1729.12,2530.21,-801.09,99.99
2019,27,XGB,mid90day,CDD,131.43,257.94,216.97,22.76,1700.21,2530.21,-830.0,99.99
2019,28,HBA,mid90day,CDD,37.11,90.34,54.47,11.43,349.39,1064.57,-715.19,94.61
2019,28,XGB,mid90day,CDD,37.11,90.34,53.2,11.39,325.62,1064.57,-738.95,92.71
2019,32,HBA,mid90day,CDD,57.61,110.52,95.88,15.34,761.03,1058.1,-297.08,99.6
2019,32,XGB,mid90day,CDD,57.61,110.52,93.6,15.08,715.83,1058.1,-342.27,99.46
2019,44,HBA,mid90day,CDD,127.5,212.97,186.24,21.53,1167.94,1709.45,-541.52,99.73
2019,44,XGB,mid90day,CDD,127.5,212.97,182.9,21.15,1101.74,1709.45,-607.71,99.61
2019,52,HBA,mid90day,CDD,121.58,192.04,151.74,18.45,606.2,1409.17,-802.96,95.25
2019,52,XGB,mid90day,CDD,121.58,192.04,150.68,18.32,585.78,1409.17,-823.39,94.86
2019,53,HBA,mid90day,CDD,48.64,62.7,54.96,10.21,157.41,281.36,-123.95,72.25
2019,53,XGB,mid90day,CDD,48.64,62.7,54.24,10.07,146.5,281.36,-134.87,69.94
2020,11,HBA,mid90day,CDD,135.56,177.23,213.56,23.09,1550.35,833.46,716.89,99.99
2020,11,XGB,mid90day,CDD,135.56,177.23,209.61,22.67,1471.92,833.46,638.46,100.0
2020,24,HBA,mid90day,CDD,136.36,170.8,209.76,22.55,1458.92,688.73,770.18,99.96
2020,24,XGB,mid90day,CDD,136.36,170.8,207.24,22.14,1408.98,688.73,720.24,99.94
2020,27,HBA,mid90day,CDD,134.13,186.25,238.43,23.87,2073.16,1042.57,1030.59,100.0
2020,27,XGB,mid90day,CDD,134.13,186.25,236.66,23.58,2038.03,1042.57,995.46,100.0
2020,28,HBA,mid90day,CDD,38.17,77.24,70.49,12.97,642.59,781.36,-138.76,99.74
2020,28,XGB,mid90day,CDD,38.17,77.24,68.21,12.49,597.36,781.36,-183.99,99.57
2020,32,HBA,mid90day,CDD,58.74,107.38,119.93,17.69,1216.28,972.85,243.43,100.0
2020,32,XGB,mid90day,CDD,58.74,107.38,116.36,17.28,1145.29,972.85,172.45,99.99
2020,44,HBA,mid90day,CDD,129.21,151.53,207.8,23.22,1562.21,446.5,1115.72,100.0
2020,44,XGB,mid90day,CDD,129.21,151.53,204.61,22.87,1498.87,446.5,1052.37,99.98
2020,52,HBA,mid90day,CDD,122.99,150.03,175.14,19.61,1036.98,540.88,496.11,99.67
2020,52,XGB,mid90day,CDD,122.99,150.03,173.2,19.32,998.63,540.88,457.75,99.59
2020,53,HBA,mid90day,CDD,48.92,45.69,69.78,11.7,417.39,0.0,417.39,96.58
2020,53,XGB,mid90day,CDD,48.92,45.69,67.76,11.25,378.2,0.0,378.2,95.75
2021,11,HBA,mid90day,CDD,136.38,92.39,131.77,19.76,116.67,0.0,116.67,39.62
2021,11,XGB,mid90day,CDD,136.38,92.39,127.97,19.38,86.45,0.0,86.45,32.05
2021,24,HBA,mid90day,CDD,137.03,95.41,134.83,19.92,137.9,0.0,137.9,44.58
2021,24,XGB,mid90day,CDD,137.03,95.41,132.2,19.64,113.57,0.0,113.57,39.52
2021,27,HBA,mid90day,CDD,135.21,103.95,145.69,21.12,290.2,0.0,290.2,68.41
2021,27,XGB,mid90day,CDD,135.21,103.95,145.11,21.11,282.21,0.0,282.21,67.25
2021,28,HBA,mid90day,CDD,38.94,24.19,43.07,10.62,130.51,0.0,130.51,63.13
2021,28,XGB,mid90day,CDD,38.94,24.19,40.91,10.3,102.51,0.0,102.51,55.66
2021,32,HBA,mid90day,CDD,59.75,36.11,69.1,14.43,228.33,0.0,228.33,72.98
2021,32,XGB,mid90day,CDD,59.75,36.11,65.34,14.05,174.6,0.0,174.6,63.8
2021,44,HBA,mid90day,CDD,129.64,83.23,128.27,20.29,148.49,0.0,148.49,46.08
2021,44,XGB,mid90day,CDD,129.64,83.23,125.26,19.97,120.05,0.0,120.05,39.91
2021,52,HBA,mid90day,CDD,123.52,90.69,115.84,17.79,79.34,0.0,79.34,32.9
2021,52,XGB,mid90day,CDD,123.52,90.69,113.88,17.56,65.69,0.0,65.69,28.97
2021,53,HBA,mid90day,CDD,48.85,30.6,49.82,11.21,98.69,0.0,98.69,51.43
2021,53,XGB,mid90day,CDD,48.85,30.6,48.57,11.05,85.35,0.0,85.35,46.73
2022,11,HBA,mid90day,CDD,135.53,235.93,220.79,22.34,1694.76,2008.02,-313.26,100.0
2022,11,XGB,mid90day,CDD,135.53,235.93,217.29,22.35,1625.13,2008.02,-382.89,100.0
2022,24,HBA,mid90day,CDD,136.23,264.38,229.38,22.68,1851.4,2562.83,-711.43,100.0
2022,24,XGB,mid90day,CDD,136.23,264.38,227.94,22.83,1822.93,2562.83,-739.9,100.0
2022,27,HBA,mid90day,CDD,134.57,297.6,252.47,23.48,2343.4,3260.55,-917.15,100.0
2022,27,XGB,mid90day,CDD,134.57,297.6,252.85,23.84,2351.04,3260.55,-909.51,100.0
2022,28,HBA,mid90day,CDD,38.65,113.47,83.83,13.48,898.03,1496.41,-598.39,100.0
2022,28,XGB,mid90day,CDD,38.65,113.47,82.2,13.38,865.6,1496.41,-630.82,99.99
2022,32,HBA,mid90day,CDD,59.27,132.94,124.44,16.97,1295.3,1473.45,-178.15,100.0
2022,32,XGB,mid90day,CDD,59.27,132.94,122.69,17.06,1260.67,1473.45,-212.78,100.0
2022,44,HBA,mid90day,CDD,128.75,237.67,228.01,22.66,1972.88,2178.27,-205.39,100.0
2022,44,XGB,mid90day,CDD,128.75,237.67,225.84,22.7,1929.85,2178.27,-248.42,100.0
2022,52,HBA,mid90day,CDD,122.89,270.08,219.37,21.95,1917.81,2943.78,-1025.97,100.0
2022,52,XGB,mid90day,CDD,122.89,270.08,218.82,21.9,1906.82,2943.78,-1036.97,100.0
2022,53,HBA,mid90day,CDD,48.5,118.69,94.26,14.03,909.47,1403.73,-494.27,100.0
2022,53,XGB,mid90day,CDD,48.5,118.69,93.78,14.02,900.01,1403.73,-503.72,99.99
2023,11,HBA,mid90day,CDD,137.43,170.78,221.93,22.42,1679.7,667.02,1012.68,100.0
2023,11,XGB,mid90day,CDD,137.43,170.78,218.45,22.21,1610.54,667.02,943.52,100.0
2023,24,HBA,mid90day,CDD,138.65,180.26,231.72,22.83,1850.02,832.17,1017.85,100.0
2023,24,XGB,mid90day,CDD,138.65,180.26,229.84,22.66,1812.63,832.17,980.46,100.0
2023,27,HBA,mid90day,CDD,137.83,200.39,255.04,23.33,2329.61,1251.12,1078.49,100.0
2023,27,XGB,mid90day,CDD,137.83,200.39,255.33,23.34,2335.43,1251.12,1084.31,100.0
2023,28,HBA,mid90day,CDD,40.07,51.11,82.17,13.08,836.83,220.93,615.91,99.97
2023,28,XGB,mid90day,CDD,40.07,51.11,80.14,12.98,796.51,220.93,575.58,99.96
2023,32,HBA,mid90day,CDD,60.74,77.87,126.13,17.3,1299.65,342.6,957.05,100.0
2023,32,XGB,mid90day,CDD,60.74,77.87,123.11,17.07,1239.68,342.6,897.08,100.0
2023,44,HBA,mid90day,CDD,130.81,159.81,229.79,22.7,1967.54,579.97,1387.57,100.0
2023,44,XGB,mid90day,CDD,130.81,159.81,228.22,22.52,1936.22,579.97,1356.25,100.0
2023,52,HBA,mid90day,CDD,125.66,158.17,207.48,20.17,1626.34,650.12,976.22,100.0
2023,52,XGB,mid90day,CDD,125.66,158.17,206.67,20.1,1610.24,650.12,960.12,100.0
2023,53,HBA,mid90day,CDD,49.83,33.63,85.72,12.34,713.45,0.0,713.45,99.91
2023,53,XGB,mid90day,CDD,49.83,33.63,84.63,12.28,691.84,0.0,691.84,99.89
2024,11,HBA,mid90day,CDD,138.04,148.37,185.42,20.93,942.87,206.56,736.31,99.03
2024,11,XGB,mid90day,CDD,138.04,148.37,182.0,20.67,875.46,206.56,668.9,98.53
2024,24,HBA,mid90day,CDD,139.42,170.0,189.01,20.89,986.47,611.46,375.01,99.19
2024,24,XGB,mid90day,CDD,139.42,170.0,187.38,20.69,954.24,611.46,342.78,99.1
2024,27,HBA,mid90day,CDD,139.06,196.68,228.24,22.98,1772.56,1152.41,620.16,100.0
2024,27,XGB,mid90day,CDD,139.06,196.68,227.72,22.49,1762.31,1152.41,609.9,100.0
2024,28,HBA,mid90day,CDD,40.27,58.8,67.21,12.53,536.1,370.59,165.51,98.92
2024,28,XGB,mid90day,CDD,40.27,58.8,64.87,12.11,490.05,370.59,119.46,98.55
2024,32,HBA,mid90day,CDD,61.08,83.98,111.51,16.17,1002.36,458.11,544.25,99.95
2024,32,XGB,mid90day,CDD,61.08,83.98,108.73,15.65,947.22,458.11,489.11,99.92
2024,44,HBA,mid90day,CDD,131.34,157.75,206.4,21.71,1491.96,528.13,963.83,99.97
2024,44,XGB,mid90day,CDD,131.34,157.75,204.71,21.21,1458.26,528.13,930.14,99.98
2024,52,HBA,mid90day,CDD,126.26,117.5,155.09,19.19,583.19,0.0,583.19,93.64
2024,52,XGB,mid90day,CDD,126.26,117.5,153.45,18.83,551.66,0.0,551.66,92.95
2024,53,HBA,mid90day,CDD,49.53,39.04,67.83,12.21,369.46,0.0,369.46,93.79
2024,53,XGB,mid90day,CDD,49.53,39.04,66.16,11.87,337.55,0.0,337.55,92.35
