cl_ratio,REV,E_hba,E_xgb,E_perfect,p_hba,p_xgb,hedge_hba,hedge_xgb,region
0.02,-0.0,-3708.07250997316,-3708.07250997316,-2224.8435059838957,0.56,0.697,1,1,11
0.03,-0.0,-3708.07250997316,-3708.07250997316,-2224.8435059838957,0.56,0.697,1,1,11
0.04,-0.0,-3708.07250997316,-3708.07250997316,-2224.8435059838957,0.56,0.697,1,1,11
0.05,-0.0,-3708.07250997316,-3708.07250997316,-2224.8435059838957,0.56,0.697,1,1,11
0.06,-0.0,-3708.07250997316,-3708.07250997316,-2224.8435059838957,0.56,0.697,1,1,11
0.07,-0.0,-3708.07250997316,-3708.07250997316,-2224.8435059838957,0.56,0.697,1,1,11
0.08,-0.0,-3708.07250997316,-3708.07250997316,-2224.8435059838957,0.56,0.697,1,1,11
0.09000000000000001,-0.0,-3708.07250997316,-3708.07250997316,-2224.8435059838957,0.56,0.697,1,1,11
0.1,-0.0,-3708.07250997316,-3708.07250997316,-2224.8435059838957,0.56,0.697,1,1,11
0.11,-0.0,-3708.07250997316,-3708.07250997316,-2224.8435059838957,0.56,0.697,1,1,11
0.12000000000000001,-0.0,-3708.07250997316,-3708.07250997316,-2224.8435059838957,0.56,0.697,1,1,11
0.13,-0.0,-3708.07250997316,-3708.07250997316,-2224.8435059838957,0.56,0.697,1,1,11
0.13999999999999999,-0.0,-3708.07250997316,-3708.07250997316,-2224.8435059838957,0.56,0.697,1,1,11
0.15,-0.0,-3708.07250997316,-3708.07250997316,-2224.8435059838957,0.56,0.697,1,1,11
0.16,-0.0,-3708.07250997316,-3708.07250997316,-2224.8435059838957,0.56,0.697,1,1,11
0.16999999999999998,-0.0,-3708.07250997316,-3708.07250997316,-2224.8435059838957,0.56,0.697,1,1,11
0.18,-0.0,-3708.07250997316,-3708.07250997316,-2224.8435059838957,0.56,0.697,1,1,11
0.19,-0.0,-3708.07250997316,-3708.07250997316,-2224.8435059838957,0.56,0.697,1,1,11
0.19999999999999998,-0.0,-3708.07250997316,-3708.07250997316,-2224.8435059838957,0.56,0.697,1,1,11
0.21,-0.0,-3708.07250997316,-3708.07250997316,-2224.8435059838957,0.56,0.697,1,1,11
0.22,-0.0,-3708.07250997316,-3708.07250997316,-2224.8435059838957,0.56,0.697,1,1,11
0.22999999999999998,-0.0,-3708.07250997316,-3708.07250997316,-2224.8435059838957,0.56,0.697,1,1,11
0.24,-0.0,-3708.07250997316,-3708.07250997316,-2224.8435059838957,0.56,0.697,1,1,11
0.25,-0.0,-3708.07250997316,-3708.07250997316,-2224.8435059838957,0.56,0.697,1,1,11
0.26,-0.0,-3708.07250997316,-3708.07250997316,-2224.8435059838957,0.56,0.697,1,1,11
0.27,-0.0,-3708.07250997316,-3708.07250997316,-2224.8435059838957,0.56,0.697,1,1,11
0.28,-0.0,-3708.07250997316,-3708.07250997316,-2224.8435059838957,0.56,0.697,1,1,11
0.29000000000000004,-0.0,-3708.07250997316,-3708.07250997316,-2224.8435059838957,0.56,0.697,1,1,11
0.30000000000000004,-0.0,-3708.07250997316,-3708.07250997316,-2224.8435059838957,0.56,0.697,1,1,11
0.31,-0.0,-3708.07250997316,-3708.07250997316,-2224.8435059838957,0.56,0.697,1,1,11
0.32,-0.0,-3708.07250997316,-3708.07250997316,-2224.8435059838957,0.56,0.697,1,1,11
0.33,-0.0,-3708.07250997316,-3708.07250997316,-2224.8435059838957,0.56,0.697,1,1,11
0.34,-0.0,-3708.07250997316,-3708.07250997316,-2224.8435059838957,0.56,0.697,1,1,11
0.35000000000000003,-0.0,-3708.07250997316,-3708.07250997316,-2224.8435059838957,0.56,0.697,1,1,11
0.36000000000000004,-0.0,-3708.07250997316,-3708.07250997316,-2224.8435059838957,0.56,0.697,1,1,11
0.37000000000000005,-0.0,-3708.07250997316,-3708.07250997316,-2224.8435059838957,0.56,0.697,1,1,11
0.38,-0.0,-3708.07250997316,-3708.07250997316,-2224.8435059838957,0.56,0.697,1,1,11
0.39,-0.0,-3708.07250997316,-3708.07250997316,-2224.8435059838957,0.56,0.697,1,1,11
0.4,-0.0,-3708.07250997316,-3708.07250997316,-2224.8435059838957,0.56,0.697,1,1,11
0.41000000000000003,-0.0,-3708.07250997316,-3708.07250997316,-2224.8435059838957,0.56,0.697,1,1,11
0.42000000000000004,-0.0,-3708.07250997316,-3708.07250997316,-2224.8435059838957,0.56,0.697,1,1,11
0.43000000000000005,-0.0,-3708.07250997316,-3708.07250997316,-2224.8435059838957,0.56,0.697,1,1,11
0.44,-0.0,-3708.07250997316,-3708.07250997316,-2224.8435059838957,0.56,0.697,1,1,11
0.45,-0.0,-3708.07250997316,-3708.07250997316,-2224.8435059838957,0.56,0.697,1,1,11
0.46,-0.0,-3708.07250997316,-3708.07250997316,-2224.8435059838957,0.56,0.697,1,1,11
0.47000000000000003,-0.0,-3708.07250997316,-3708.07250997316,-2224.8435059838957,0.56,0.697,1,1,11
0.48000000000000004,-0.0,-3708.07250997316,-3708.07250997316,-2224.8435059838957,0.56,0.697,1,1,11
0.49000000000000005,-0.0,-3708.07250997316,-3708.07250997316,-2224.8435059838957,0.56,0.697,1,1,11
0.5,-0.0,-3708.07250997316,-3708.07250997316,-2224.8435059838957,0.56,0.697,1,1,11
0.02,-0.0,-419.4154236873802,-419.4154236873802,-125.82462710621405,0.2,0.211,1,1,24
0.03,-0.0,-419.4154236873802,-419.4154236873802,-125.82462710621405,0.2,0.211,1,1,24
0.04,-0.0,-419.4154236873802,-419.4154236873802,-125.82462710621405,0.2,0.211,1,1,24
0.05,-0.0,-419.4154236873802,-419.4154236873802,-125.82462710621405,0.2,0.211,1,1,24
0.06,-0.0,-419.4154236873802,-419.4154236873802,-125.82462710621405,0.2,0.211,1,1,24
0.07,-0.0,-419.4154236873802,-419.4154236873802,-125.82462710621405,0.2,0.211,1,1,24
0.08,-0.0,-419.4154236873802,-419.4154236873802,-125.82462710621405,0.2,0.211,1,1,24
0.09000000000000001,-0.0,-419.4154236873802,-419.4154236873802,-125.82462710621405,0.2,0.211,1,1,24
0.1,-0.0,-419.4154236873802,-419.4154236873802,-125.82462710621405,0.2,0.211,1,1,24
0.11,-0.0,-419.4154236873802,-419.4154236873802,-125.82462710621405,0.2,0.211,1,1,24
0.12000000000000001,-0.0,-419.4154236873802,-419.4154236873802,-125.82462710621405,0.2,0.211,1,1,24
0.13,-0.0,-419.4154236873802,-419.4154236873802,-125.82462710621405,0.2,0.211,1,1,24
0.13999999999999999,-0.0,-419.4154236873802,-419.4154236873802,-125.82462710621405,0.2,0.211,1,1,24
0.15,-0.0,-419.4154236873802,-419.4154236873802,-125.82462710621405,0.2,0.211,1,1,24
0.16,-0.0,-419.4154236873802,-419.4154236873802,-125.82462710621405,0.2,0.211,1,1,24
0.16999999999999998,-0.0,-419.4154236873802,-419.4154236873802,-125.82462710621405,0.2,0.211,1,1,24
0.18,-0.0,-419.4154236873802,-419.4154236873802,-125.82462710621405,0.2,0.211,1,1,24
0.19,-0.0,-419.4154236873802,-419.4154236873802,-125.82462710621405,0.2,0.211,1,1,24
0.19999999999999998,-0.0,-419.4154236873802,-419.4154236873802,-125.82462710621405,0.2,0.211,1,1,24
0.21,0.04694588926257431,-433.8772269255467,-419.4154236873802,-125.82462710621405,0.2,0.211,0,1,24
0.22,-0.0,-433.8772269255467,-433.8772269255467,-125.82462710621405,0.2,0.211,0,0,24
0.22999999999999998,-0.0,-433.8772269255467,-433.8772269255467,-125.82462710621405,0.2,0.211,0,0,24
0.24,-0.0,-433.8772269255467,-433.8772269255467,-125.82462710621405,0.2,0.211,0,0,24
0.25,-0.0,-433.8772269255467,-433.8772269255467,-125.82462710621405,0.2,0.211,0,0,24
0.26,-0.0,-433.8772269255467,-433.8772269255467,-125.82462710621405,0.2,0.211,0,0,24
0.27,-0.0,-433.8772269255467,-433.8772269255467,-125.82462710621405,0.2,0.211,0,0,24
0.28,-0.0,-433.8772269255467,-433.8772269255467,-125.82462710621405,0.2,0.211,0,0,24
0.29000000000000004,-0.0,-433.8772269255467,-433.8772269255467,-125.82462710621405,0.2,0.211,0,0,24
0.30000000000000004,-0.0,-433.8772269255467,-433.8772269255467,-125.82462710621405,0.2,0.211,0,0,24
0.31,-0.0,-433.8772269255467,-433.8772269255467,-125.82462710621405,0.2,0.211,0,0,24
0.32,-0.0,-433.8772269255467,-433.8772269255467,-125.82462710621405,0.2,0.211,0,0,24
0.33,-0.0,-433.8772269255467,-433.8772269255467,-125.82462710621405,0.2,0.211,0,0,24
0.34,-0.0,-433.8772269255467,-433.8772269255467,-125.82462710621405,0.2,0.211,0,0,24
0.35000000000000003,-0.0,-433.8772269255467,-433.8772269255467,-125.82462710621405,0.2,0.211,0,0,24
0.36000000000000004,-0.0,-433.8772269255467,-433.8772269255467,-125.82462710621405,0.2,0.211,0,0,24
0.37000000000000005,-0.0,-433.8772269255467,-433.8772269255467,-125.82462710621405,0.2,0.211,0,0,24
0.38,-0.0,-433.8772269255467,-433.8772269255467,-125.82462710621405,0.2,0.211,0,0,24
0.39,-0.0,-433.8772269255467,-433.8772269255467,-125.82462710621405,0.2,0.211,0,0,24
0.4,-0.0,-433.8772269255467,-433.8772269255467,-125.82462710621405,0.2,0.211,0,0,24
0.41000000000000003,-0.0,-433.8772269255467,-433.8772269255467,-125.82462710621405,0.2,0.211,0,0,24
0.42000000000000004,-0.0,-433.8772269255467,-433.8772269255467,-125.82462710621405,0.2,0.211,0,0,24
0.43000000000000005,-0.0,-433.8772269255467,-433.8772269255467,-125.82462710621405,0.2,0.211,0,0,24
0.44,-0.0,-433.8772269255467,-433.8772269255467,-125.82462710621405,0.2,0.211,0,0,24
0.45,-0.0,-433.8772269255467,-433.8772269255467,-125.82462710621405,0.2,0.211,0,0,24
0.46,-0.0,-433.8772269255467,-433.8772269255467,-125.82462710621405,0.2,0.211,0,0,24
0.47000000000000003,-0.0,-433.8772269255467,-433.8772269255467,-125.82462710621405,0.2,0.211,0,0,24
0.48000000000000004,-0.0,-433.8772269255467,-433.8772269255467,-125.82462710621405,0.2,0.211,0,0,24
0.49000000000000005,-0.0,-433.8772269255467,-433.8772269255467,-125.82462710621405,0.2,0.211,0,0,24
0.5,-0.0,-433.8772269255467,-433.8772269255467,-125.82462710621405,0.2,0.211,0,0,24
0.02,-0.0,-2635.8645632193475,-2635.8645632193475,-1317.9322816096737,0.5833333333333334,0.4068,1,1,27
0.03,-0.0,-2635.8645632193475,-2635.8645632193475,-1317.9322816096737,0.5833333333333334,0.4068,1,1,27
0.04,-0.0,-2635.8645632193475,-2635.8645632193475,-1317.9322816096737,0.5833333333333334,0.4068,1,1,27
0.05,-0.0,-2635.8645632193475,-2635.8645632193475,-1317.9322816096737,0.5833333333333334,0.4068,1,1,27
0.06,-0.0,-2635.8645632193475,-2635.8645632193475,-1317.9322816096737,0.5833333333333334,0.4068,1,1,27
0.07,-0.0,-2635.8645632193475,-2635.8645632193475,-1317.9322816096737,0.5833333333333334,0.4068,1,1,27
0.08,-0.0,-2635.8645632193475,-2635.8645632193475,-1317.9322816096737,0.5833333333333334,0.4068,1,1,27
0.09000000000000001,-0.0,-2635.8645632193475,-2635.8645632193475,-1317.9322816096737,0.5833333333333334,0.4068,1,1,27
0.1,-0.0,-2635.8645632193475,-2635.8645632193475,-1317.9322816096737,0.5833333333333334,0.4068,1,1,27
0.11,-0.0,-2635.8645632193475,-2635.8645632193475,-1317.9322816096737,0.5833333333333334,0.4068,1,1,27
0.12000000000000001,-0.0,-2635.8645632193475,-2635.8645632193475,-1317.9322816096737,0.5833333333333334,0.4068,1,1,27
0.13,-0.0,-2635.8645632193475,-2635.8645632193475,-1317.9322816096737,0.5833333333333334,0.4068,1,1,27
0.13999999999999999,-0.0,-2635.8645632193475,-2635.8645632193475,-1317.9322816096737,0.5833333333333334,0.4068,1,1,27
0.15,-0.0,-2635.8645632193475,-2635.8645632193475,-1317.9322816096737,0.5833333333333334,0.4068,1,1,27
0.16,-0.0,-2635.8645632193475,-2635.8645632193475,-1317.9322816096737,0.5833333333333334,0.4068,1,1,27
0.16999999999999998,-0.0,-2635.8645632193475,-2635.8645632193475,-1317.9322816096737,0.5833333333333334,0.4068,1,1,27
0.18,-0.0,-2635.8645632193475,-2635.8645632193475,-1317.9322816096737,0.5833333333333334,0.4068,1,1,27
0.19,-0.0,-2635.8645632193475,-2635.8645632193475,-1317.9322816096737,0.5833333333333334,0.4068,1,1,27
0.19999999999999998,-0.0,-2635.8645632193475,-2635.8645632193475,-1317.9322816096737,0.5833333333333334,0.4068,1,1,27
0.21,-0.0,-2635.8645632193475,-2635.8645632193475,-1317.9322816096737,0.5833333333333334,0.4068,1,1,27
0.22,-0.0,-2635.8645632193475,-2635.8645632193475,-1317.9322816096737,0.5833333333333334,0.4068,1,1,27
0.22999999999999998,-0.0,-2635.8645632193475,-2635.8645632193475,-1317.9322816096737,0.5833333333333334,0.4068,1,1,27
0.24,-0.0,-2635.8645632193475,-2635.8645632193475,-1317.9322816096737,0.5833333333333334,0.4068,1,1,27
0.25,-0.0,-2635.8645632193475,-2635.8645632193475,-1317.9322816096737,0.5833333333333334,0.4068,1,1,27
0.26,-0.0,-2635.8645632193475,-2635.8645632193475,-1317.9322816096737,0.5833333333333334,0.4068,1,1,27
0.27,-0.0,-2635.8645632193475,-2635.8645632193475,-1317.9322816096737,0.5833333333333334,0.4068,1,1,27
0.28,-0.0,-2635.8645632193475,-2635.8645632193475,-1317.9322816096737,0.5833333333333334,0.4068,1,1,27
0.29000000000000004,-0.0,-2635.8645632193475,-2635.8645632193475,-1317.9322816096737,0.5833333333333334,0.4068,1,1,27
0.30000000000000004,-0.0,-2635.8645632193475,-2635.8645632193475,-1317.9322816096737,0.5833333333333334,0.4068,1,1,27
0.31,-0.0,-2635.8645632193475,-2635.8645632193475,-1317.9322816096737,0.5833333333333334,0.4068,1,1,27
0.32,-0.0,-2635.8645632193475,-2635.8645632193475,-1317.9322816096737,0.5833333333333334,0.4068,1,1,27
0.33,-0.0,-2635.8645632193475,-2635.8645632193475,-1317.9322816096737,0.5833333333333334,0.4068,1,1,27
0.34,-0.0,-2635.8645632193475,-2635.8645632193475,-1317.9322816096737,0.5833333333333334,0.4068,1,1,27
0.35000000000000003,-0.0,-2635.8645632193475,-2635.8645632193475,-1317.9322816096737,0.5833333333333334,0.4068,1,1,27
0.36000000000000004,-0.0,-2635.8645632193475,-2635.8645632193475,-1317.9322816096737,0.5833333333333334,0.4068,1,1,27
0.37000000000000005,-0.0,-2635.8645632193475,-2635.8645632193475,-1317.9322816096737,0.5833333333333334,0.4068,1,1,27
0.38,-0.0,-2635.8645632193475,-2635.8645632193475,-1317.9322816096737,0.5833333333333334,0.4068,1,1,27
0.39,-0.0,-2635.8645632193475,-2635.8645632193475,-1317.9322816096737,0.5833333333333334,0.4068,1,1,27
0.4,-0.0,-2635.8645632193475,-2635.8645632193475,-1317.9322816096737,0.5833333333333334,0.4068,1,1,27
0.41000000000000003,-2.627541047531097,-2635.8645632193475,-6098.785731015078,-1317.9322816096737,0.5833333333333334,0.4068,1,0,27
0.42000000000000004,-2.627541047531097,-2635.8645632193475,-6098.785731015078,-1317.9322816096737,0.5833333333333334,0.4068,1,0,27
0.43000000000000005,-2.627541047531097,-2635.8645632193475,-6098.785731015078,-1317.9322816096737,0.5833333333333334,0.4068,1,0,27
0.44,-2.627541047531097,-2635.8645632193475,-6098.785731015078,-1317.9322816096737,0.5833333333333334,0.4068,1,0,27
0.45,-2.627541047531097,-2635.8645632193475,-6098.785731015078,-1317.9322816096737,0.5833333333333334,0.4068,1,0,27
0.46,-2.627541047531097,-2635.8645632193475,-6098.785731015078,-1317.9322816096737,0.5833333333333334,0.4068,1,0,27
0.47000000000000003,-2.627541047531097,-2635.8645632193475,-6098.785731015078,-1317.9322816096737,0.5833333333333334,0.4068,1,0,27
0.48000000000000004,-2.627541047531097,-2635.8645632193475,-6098.785731015078,-1317.9322816096737,0.5833333333333334,0.4068,1,0,27
0.49000000000000005,-2.627541047531097,-2635.8645632193475,-6098.785731015078,-1317.9322816096737,0.5833333333333334,0.4068,1,0,27
0.5,-2.627541047531097,-2635.8645632193475,-6098.785731015078,-1317.9322816096737,0.5833333333333334,0.4068,1,0,27
0.02,-0.0,-1871.5210997917054,-1871.5210997917054,-935.7605498958527,0.48,0.7872,1,1,28
0.03,-0.0,-1871.5210997917054,-1871.5210997917054,-935.7605498958527,0.48,0.7872,1,1,28
0.04,-0.0,-1871.5210997917054,-1871.5210997917054,-935.7605498958527,0.48,0.7872,1,1,28
0.05,-0.0,-1871.5210997917054,-1871.5210997917054,-935.7605498958527,0.48,0.7872,1,1,28
0.06,-0.0,-1871.5210997917054,-1871.5210997917054,-935.7605498958527,0.48,0.7872,1,1,28
0.07,-0.0,-1871.5210997917054,-1871.5210997917054,-935.7605498958527,0.48,0.7872,1,1,28
0.08,-0.0,-1871.5210997917054,-1871.5210997917054,-935.7605498958527,0.48,0.7872,1,1,28
0.09000000000000001,-0.0,-1871.5210997917054,-1871.5210997917054,-935.7605498958527,0.48,0.7872,1,1,28
0.1,-0.0,-1871.5210997917054,-1871.5210997917054,-935.7605498958527,0.48,0.7872,1,1,28
0.11,-0.0,-1871.5210997917054,-1871.5210997917054,-935.7605498958527,0.48,0.7872,1,1,28
0.12000000000000001,-0.0,-1871.5210997917054,-1871.5210997917054,-935.7605498958527,0.48,0.7872,1,1,28
0.13,-0.0,-1871.5210997917054,-1871.5210997917054,-935.7605498958527,0.48,0.7872,1,1,28
0.13999999999999999,-0.0,-1871.5210997917054,-1871.5210997917054,-935.7605498958527,0.48,0.7872,1,1,28
0.15,-0.0,-1871.5210997917054,-1871.5210997917054,-935.7605498958527,0.48,0.7872,1,1,28
0.16,-0.0,-1871.5210997917054,-1871.5210997917054,-935.7605498958527,0.48,0.7872,1,1,28
0.16999999999999998,-0.0,-1871.5210997917054,-1871.5210997917054,-935.7605498958527,0.48,0.7872,1,1,28
0.18,-0.0,-1871.5210997917054,-1871.5210997917054,-935.7605498958527,0.48,0.7872,1,1,28
0.19,-0.0,-1871.5210997917054,-1871.5210997917054,-935.7605498958527,0.48,0.7872,1,1,28
0.19999999999999998,-0.0,-1871.5210997917054,-1871.5210997917054,-935.7605498958527,0.48,0.7872,1,1,28
0.21,-0.0,-1871.5210997917054,-1871.5210997917054,-935.7605498958527,0.48,0.7872,1,1,28
0.22,-0.0,-1871.5210997917054,-1871.5210997917054,-935.7605498958527,0.48,0.7872,1,1,28
0.22999999999999998,-0.0,-1871.5210997917054,-1871.5210997917054,-935.7605498958527,0.48,0.7872,1,1,28
0.24,-0.0,-1871.5210997917054,-1871.5210997917054,-935.7605498958527,0.48,0.7872,1,1,28
0.25,-0.0,-1871.5210997917054,-1871.5210997917054,-935.7605498958527,0.48,0.7872,1,1,28
0.26,-0.0,-1871.5210997917054,-1871.5210997917054,-935.7605498958527,0.48,0.7872,1,1,28
0.27,-0.0,-1871.5210997917054,-1871.5210997917054,-935.7605498958527,0.48,0.7872,1,1,28
0.28,-0.0,-1871.5210997917054,-1871.5210997917054,-935.7605498958527,0.48,0.7872,1,1,28
0.29000000000000004,-0.0,-1871.5210997917054,-1871.5210997917054,-935.7605498958527,0.48,0.7872,1,1,28
0.30000000000000004,-0.0,-1871.5210997917054,-1871.5210997917054,-935.7605498958527,0.48,0.7872,1,1,28
0.31,-0.0,-1871.5210997917054,-1871.5210997917054,-935.7605498958527,0.48,0.7872,1,1,28
0.32,-0.0,-1871.5210997917054,-1871.5210997917054,-935.7605498958527,0.48,0.7872,1,1,28
0.33,-0.0,-1871.5210997917054,-1871.5210997917054,-935.7605498958527,0.48,0.7872,1,1,28
0.34,-0.0,-1871.5210997917054,-1871.5210997917054,-935.7605498958527,0.48,0.7872,1,1,28
0.35000000000000003,-0.0,-1871.5210997917054,-1871.5210997917054,-935.7605498958527,0.48,0.7872,1,1,28
0.36000000000000004,-0.0,-1871.5210997917054,-1871.5210997917054,-935.7605498958527,0.48,0.7872,1,1,28
0.37000000000000005,-0.0,-1871.5210997917054,-1871.5210997917054,-935.7605498958527,0.48,0.7872,1,1,28
0.38,-0.0,-1871.5210997917054,-1871.5210997917054,-935.7605498958527,0.48,0.7872,1,1,28
0.39,-0.0,-1871.5210997917054,-1871.5210997917054,-935.7605498958527,0.48,0.7872,1,1,28
0.4,-0.0,-1871.5210997917054,-1871.5210997917054,-935.7605498958527,0.48,0.7872,1,1,28
0.41000000000000003,-0.0,-1871.5210997917054,-1871.5210997917054,-935.7605498958527,0.48,0.7872,1,1,28
0.42000000000000004,-0.0,-1871.5210997917054,-1871.5210997917054,-935.7605498958527,0.48,0.7872,1,1,28
0.43000000000000005,-0.0,-1871.5210997917054,-1871.5210997917054,-935.7605498958527,0.48,0.7872,1,1,28
0.44,-0.0,-1871.5210997917054,-1871.5210997917054,-935.7605498958527,0.48,0.7872,1,1,28
0.45,-0.0,-1871.5210997917054,-1871.5210997917054,-935.7605498958527,0.48,0.7872,1,1,28
0.46,-0.0,-1871.5210997917054,-1871.5210997917054,-935.7605498958527,0.48,0.7872,1,1,28
0.47000000000000003,-0.0,-1871.5210997917054,-1871.5210997917054,-935.7605498958527,0.48,0.7872,1,1,28
0.48000000000000004,6.079128248743484,-751.5241014211861,-1871.5210997917054,-935.7605498958527,0.48,0.7872,0,1,28
0.49000000000000005,6.079128248743484,-751.5241014211861,-1871.5210997917054,-935.7605498958527,0.48,0.7872,0,1,28
0.5,6.079128248743484,-751.5241014211861,-1871.5210997917054,-935.7605498958527,0.48,0.7872,0,1,28
0.02,-0.0,-452.41812363912186,-452.41812363912186,-180.96724945564875,0.3333333333333333,0.1879,1,1,32
0.03,-0.0,-452.41812363912186,-452.41812363912186,-180.96724945564875,0.3333333333333333,0.1879,1,1,32
0.04,-0.0,-452.41812363912186,-452.41812363912186,-180.96724945564875,0.3333333333333333,0.1879,1,1,32
0.05,-0.0,-452.41812363912186,-452.41812363912186,-180.96724945564875,0.3333333333333333,0.1879,1,1,32
0.06,-0.0,-452.41812363912186,-452.41812363912186,-180.96724945564875,0.3333333333333333,0.1879,1,1,32
0.07,-0.0,-452.41812363912186,-452.41812363912186,-180.96724945564875,0.3333333333333333,0.1879,1,1,32
0.08,-0.0,-452.41812363912186,-452.41812363912186,-180.96724945564875,0.3333333333333333,0.1879,1,1,32
0.09000000000000001,-0.0,-452.41812363912186,-452.41812363912186,-180.96724945564875,0.3333333333333333,0.1879,1,1,32
0.1,-0.0,-452.41812363912186,-452.41812363912186,-180.96724945564875,0.3333333333333333,0.1879,1,1,32
0.11,-0.0,-452.41812363912186,-452.41812363912186,-180.96724945564875,0.3333333333333333,0.1879,1,1,32
0.12000000000000001,-0.0,-452.41812363912186,-452.41812363912186,-180.96724945564875,0.3333333333333333,0.1879,1,1,32
0.13,-0.0,-452.41812363912186,-452.41812363912186,-180.96724945564875,0.3333333333333333,0.1879,1,1,32
0.13999999999999999,-0.0,-452.41812363912186,-452.41812363912186,-180.96724945564875,0.3333333333333333,0.1879,1,1,32
0.15,-0.0,-452.41812363912186,-452.41812363912186,-180.96724945564875,0.3333333333333333,0.1879,1,1,32
0.16,-0.0,-452.41812363912186,-452.41812363912186,-180.96724945564875,0.3333333333333333,0.1879,1,1,32
0.16999999999999998,-0.0,-452.41812363912186,-452.41812363912186,-180.96724945564875,0.3333333333333333,0.1879,1,1,32
0.18,-0.0,-452.41812363912186,-452.41812363912186,-180.96724945564875,0.3333333333333333,0.1879,1,1,32
0.19,-3.823619028269081,-452.41812363912186,-1490.342851407326,-180.96724945564875,0.3333333333333333,0.1879,1,0,32
0.19999999999999998,-3.823619028269081,-452.41812363912186,-1490.342851407326,-180.96724945564875,0.3333333333333333,0.1879,1,0,32
0.21,-3.823619028269081,-452.41812363912186,-1490.342851407326,-180.96724945564875,0.3333333333333333,0.1879,1,0,32
0.22,-3.823619028269081,-452.41812363912186,-1490.342851407326,-180.96724945564875,0.3333333333333333,0.1879,1,0,32
0.22999999999999998,-3.823619028269081,-452.41812363912186,-1490.342851407326,-180.96724945564875,0.3333333333333333,0.1879,1,0,32
0.24,-3.823619028269081,-452.41812363912186,-1490.342851407326,-180.96724945564875,0.3333333333333333,0.1879,1,0,32
0.25,-3.823619028269081,-452.41812363912186,-1490.342851407326,-180.96724945564875,0.3333333333333333,0.1879,1,0,32
0.26,-3.823619028269081,-452.41812363912186,-1490.342851407326,-180.96724945564875,0.3333333333333333,0.1879,1,0,32
0.27,-3.823619028269081,-452.41812363912186,-1490.342851407326,-180.96724945564875,0.3333333333333333,0.1879,1,0,32
0.28,-3.823619028269081,-452.41812363912186,-1490.342851407326,-180.96724945564875,0.3333333333333333,0.1879,1,0,32
0.29000000000000004,-3.823619028269081,-452.41812363912186,-1490.342851407326,-180.96724945564875,0.3333333333333333,0.1879,1,0,32
0.30000000000000004,-3.823619028269081,-452.41812363912186,-1490.342851407326,-180.96724945564875,0.3333333333333333,0.1879,1,0,32
0.31,-3.823619028269081,-452.41812363912186,-1490.342851407326,-180.96724945564875,0.3333333333333333,0.1879,1,0,32
0.32,-3.823619028269081,-452.41812363912186,-1490.342851407326,-180.96724945564875,0.3333333333333333,0.1879,1,0,32
0.33,-3.823619028269081,-452.41812363912186,-1490.342851407326,-180.96724945564875,0.3333333333333333,0.1879,1,0,32
0.34,-0.0,-1490.342851407326,-1490.342851407326,-180.96724945564875,0.3333333333333333,0.1879,0,0,32
0.35000000000000003,-0.0,-1490.342851407326,-1490.342851407326,-180.96724945564875,0.3333333333333333,0.1879,0,0,32
0.36000000000000004,-0.0,-1490.342851407326,-1490.342851407326,-180.96724945564875,0.3333333333333333,0.1879,0,0,32
0.37000000000000005,-0.0,-1490.342851407326,-1490.342851407326,-180.96724945564875,0.3333333333333333,0.1879,0,0,32
0.38,-0.0,-1490.342851407326,-1490.342851407326,-180.96724945564875,0.3333333333333333,0.1879,0,0,32
0.39,-0.0,-1490.342851407326,-1490.342851407326,-180.96724945564875,0.3333333333333333,0.1879,0,0,32
0.4,-0.0,-1490.342851407326,-1490.342851407326,-180.96724945564875,0.3333333333333333,0.1879,0,0,32
0.41000000000000003,-0.0,-1490.342851407326,-1490.342851407326,-180.96724945564875,0.3333333333333333,0.1879,0,0,32
0.42000000000000004,-0.0,-1490.342851407326,-1490.342851407326,-180.96724945564875,0.3333333333333333,0.1879,0,0,32
0.43000000000000005,-0.0,-1490.342851407326,-1490.342851407326,-180.96724945564875,0.3333333333333333,0.1879,0,0,32
0.44,-0.0,-1490.342851407326,-1490.342851407326,-180.96724945564875,0.3333333333333333,0.1879,0,0,32
0.45,-0.0,-1490.342851407326,-1490.342851407326,-180.96724945564875,0.3333333333333333,0.1879,0,0,32
0.46,-0.0,-1490.342851407326,-1490.342851407326,-180.96724945564875,0.3333333333333333,0.1879,0,0,32
0.47000000000000003,-0.0,-1490.342851407326,-1490.342851407326,-180.96724945564875,0.3333333333333333,0.1879,0,0,32
0.48000000000000004,-0.0,-1490.342851407326,-1490.342851407326,-180.96724945564875,0.3333333333333333,0.1879,0,0,32
0.49000000000000005,-0.0,-1490.342851407326,-1490.342851407326,-180.96724945564875,0.3333333333333333,0.1879,0,0,32
0.5,-0.0,-1490.342851407326,-1490.342851407326,-180.96724945564875,0.3333333333333333,0.1879,0,0,32
0.02,-0.0,-3344.9555429219945,-3344.9555429219945,-2006.9733257531966,0.48,0.7213,1,1,44
0.03,-0.0,-3344.9555429219945,-3344.9555429219945,-2006.9733257531966,0.48,0.7213,1,1,44
0.04,-0.0,-3344.9555429219945,-3344.9555429219945,-2006.9733257531966,0.48,0.7213,1,1,44
0.05,-0.0,-3344.9555429219945,-3344.9555429219945,-2006.9733257531966,0.48,0.7213,1,1,44
0.06,-0.0,-3344.9555429219945,-3344.9555429219945,-2006.9733257531966,0.48,0.7213,1,1,44
0.07,-0.0,-3344.9555429219945,-3344.9555429219945,-2006.9733257531966,0.48,0.7213,1,1,44
0.08,-0.0,-3344.9555429219945,-3344.9555429219945,-2006.9733257531966,0.48,0.7213,1,1,44
0.09000000000000001,-0.0,-3344.9555429219945,-3344.9555429219945,-2006.9733257531966,0.48,0.7213,1,1,44
0.1,-0.0,-3344.9555429219945,-3344.9555429219945,-2006.9733257531966,0.48,0.7213,1,1,44
0.11,-0.0,-3344.9555429219945,-3344.9555429219945,-2006.9733257531966,0.48,0.7213,1,1,44
0.12000000000000001,-0.0,-3344.9555429219945,-3344.9555429219945,-2006.9733257531966,0.48,0.7213,1,1,44
0.13,-0.0,-3344.9555429219945,-3344.9555429219945,-2006.9733257531966,0.48,0.7213,1,1,44
0.13999999999999999,-0.0,-3344.9555429219945,-3344.9555429219945,-2006.9733257531966,0.48,0.7213,1,1,44
0.15,-0.0,-3344.9555429219945,-3344.9555429219945,-2006.9733257531966,0.48,0.7213,1,1,44
0.16,-0.0,-3344.9555429219945,-3344.9555429219945,-2006.9733257531966,0.48,0.7213,1,1,44
0.16999999999999998,-0.0,-3344.9555429219945,-3344.9555429219945,-2006.9733257531966,0.48,0.7213,1,1,44
0.18,-0.0,-3344.9555429219945,-3344.9555429219945,-2006.9733257531966,0.48,0.7213,1,1,44
0.19,-0.0,-3344.9555429219945,-3344.9555429219945,-2006.9733257531966,0.48,0.7213,1,1,44
0.19999999999999998,-0.0,-3344.9555429219945,-3344.9555429219945,-2006.9733257531966,0.48,0.7213,1,1,44
0.21,-0.0,-3344.9555429219945,-3344.9555429219945,-2006.9733257531966,0.48,0.7213,1,1,44
0.22,-0.0,-3344.9555429219945,-3344.9555429219945,-2006.9733257531966,0.48,0.7213,1,1,44
0.22999999999999998,-0.0,-3344.9555429219945,-3344.9555429219945,-2006.9733257531966,0.48,0.7213,1,1,44
0.24,-0.0,-3344.9555429219945,-3344.9555429219945,-2006.9733257531966,0.48,0.7213,1,1,44
0.25,-0.0,-3344.9555429219945,-3344.9555429219945,-2006.9733257531966,0.48,0.7213,1,1,44
0.26,-0.0,-3344.9555429219945,-3344.9555429219945,-2006.9733257531966,0.48,0.7213,1,1,44
0.27,-0.0,-3344.9555429219945,-3344.9555429219945,-2006.9733257531966,0.48,0.7213,1,1,44
0.28,-0.0,-3344.9555429219945,-3344.9555429219945,-2006.9733257531966,0.48,0.7213,1,1,44
0.29000000000000004,-0.0,-3344.9555429219945,-3344.9555429219945,-2006.9733257531966,0.48,0.7213,1,1,44
0.30000000000000004,-0.0,-3344.9555429219945,-3344.9555429219945,-2006.9733257531966,0.48,0.7213,1,1,44
0.31,-0.0,-3344.9555429219945,-3344.9555429219945,-2006.9733257531966,0.48,0.7213,1,1,44
0.32,-0.0,-3344.9555429219945,-3344.9555429219945,-2006.9733257531966,0.48,0.7213,1,1,44
0.33,-0.0,-3344.9555429219945,-3344.9555429219945,-2006.9733257531966,0.48,0.7213,1,1,44
0.34,-0.0,-3344.9555429219945,-3344.9555429219945,-2006.9733257531966,0.48,0.7213,1,1,44
0.35000000000000003,-0.0,-3344.9555429219945,-3344.9555429219945,-2006.9733257531966,0.48,0.7213,1,1,44
0.36000000000000004,-0.0,-3344.9555429219945,-3344.9555429219945,-2006.9733257531966,0.48,0.7213,1,1,44
0.37000000000000005,-0.0,-3344.9555429219945,-3344.9555429219945,-2006.9733257531966,0.48,0.7213,1,1,44
0.38,-0.0,-3344.9555429219945,-3344.9555429219945,-2006.9733257531966,0.48,0.7213,1,1,44
0.39,-0.0,-3344.9555429219945,-3344.9555429219945,-2006.9733257531966,0.48,0.7213,1,1,44
0.4,-0.0,-3344.9555429219945,-3344.9555429219945,-2006.9733257531966,0.48,0.7213,1,1,44
0.41000000000000003,-0.0,-3344.9555429219945,-3344.9555429219945,-2006.9733257531966,0.48,0.7213,1,1,44
0.42000000000000004,-0.0,-3344.9555429219945,-3344.9555429219945,-2006.9733257531966,0.48,0.7213,1,1,44
0.43000000000000005,-0.0,-3344.9555429219945,-3344.9555429219945,-2006.9733257531966,0.48,0.7213,1,1,44
0.44,-0.0,-3344.9555429219945,-3344.9555429219945,-2006.9733257531966,0.48,0.7213,1,1,44
0.45,-0.0,-3344.9555429219945,-3344.9555429219945,-2006.9733257531966,0.48,0.7213,1,1,44
0.46,-0.0,-3344.9555429219945,-3344.9555429219945,-2006.9733257531966,0.48,0.7213,1,1,44
0.47000000000000003,-0.0,-3344.9555429219945,-3344.9555429219945,-2006.9733257531966,0.48,0.7213,1,1,44
0.48000000000000004,-0.9049917443230251,-2709.3292394499645,-3344.9555429219945,-2006.9733257531966,0.48,0.7213,0,1,44
0.49000000000000005,-0.9049917443230251,-2709.3292394499645,-3344.9555429219945,-2006.9733257531966,0.48,0.7213,0,1,44
0.5,-0.9049917443230251,-2709.3292394499645,-3344.9555429219945,-2006.9733257531966,0.48,0.7213,0,1,44
0.02,-0.0,-4691.024007450572,-4691.024007450572,-3283.7168052154,0.56,0.8176,1,1,52
0.03,-0.0,-4691.024007450572,-4691.024007450572,-3283.7168052154,0.56,0.8176,1,1,52
0.04,-0.0,-4691.024007450572,-4691.024007450572,-3283.7168052154,0.56,0.8176,1,1,52
0.05,-0.0,-4691.024007450572,-4691.024007450572,-3283.7168052154,0.56,0.8176,1,1,52
0.06,-0.0,-4691.024007450572,-4691.024007450572,-3283.7168052154,0.56,0.8176,1,1,52
0.07,-0.0,-4691.024007450572,-4691.024007450572,-3283.7168052154,0.56,0.8176,1,1,52
0.08,-0.0,-4691.024007450572,-4691.024007450572,-3283.7168052154,0.56,0.8176,1,1,52
0.09000000000000001,-0.0,-4691.024007450572,-4691.024007450572,-3283.7168052154,0.56,0.8176,1,1,52
0.1,-0.0,-4691.024007450572,-4691.024007450572,-3283.7168052154,0.56,0.8176,1,1,52
0.11,-0.0,-4691.024007450572,-4691.024007450572,-3283.7168052154,0.56,0.8176,1,1,52
0.12000000000000001,-0.0,-4691.024007450572,-4691.024007450572,-3283.7168052154,0.56,0.8176,1,1,52
0.13,-0.0,-4691.024007450572,-4691.024007450572,-3283.7168052154,0.56,0.8176,1,1,52
0.13999999999999999,-0.0,-4691.024007450572,-4691.024007450572,-3283.7168052154,0.56,0.8176,1,1,52
0.15,-0.0,-4691.024007450572,-4691.024007450572,-3283.7168052154,0.56,0.8176,1,1,52
0.16,-0.0,-4691.024007450572,-4691.024007450572,-3283.7168052154,0.56,0.8176,1,1,52
0.16999999999999998,-0.0,-4691.024007450572,-4691.024007450572,-3283.7168052154,0.56,0.8176,1,1,52
0.18,-0.0,-4691.024007450572,-4691.024007450572,-3283.7168052154,0.56,0.8176,1,1,52
0.19,-0.0,-4691.024007450572,-4691.024007450572,-3283.7168052154,0.56,0.8176,1,1,52
0.19999999999999998,-0.0,-4691.024007450572,-4691.024007450572,-3283.7168052154,0.56,0.8176,1,1,52
0.21,-0.0,-4691.024007450572,-4691.024007450572,-3283.7168052154,0.56,0.8176,1,1,52
0.22,-0.0,-4691.024007450572,-4691.024007450572,-3283.7168052154,0.56,0.8176,1,1,52
0.22999999999999998,-0.0,-4691.024007450572,-4691.024007450572,-3283.7168052154,0.56,0.8176,1,1,52
0.24,-0.0,-4691.024007450572,-4691.024007450572,-3283.7168052154,0.56,0.8176,1,1,52
0.25,-0.0,-4691.024007450572,-4691.024007450572,-3283.7168052154,0.56,0.8176,1,1,52
0.26,-0.0,-4691.024007450572,-4691.024007450572,-3283.7168052154,0.56,0.8176,1,1,52
0.27,-0.0,-4691.024007450572,-4691.024007450572,-3283.7168052154,0.56,0.8176,1,1,52
0.28,-0.0,-4691.024007450572,-4691.024007450572,-3283.7168052154,0.56,0.8176,1,1,52
0.29000000000000004,-0.0,-4691.024007450572,-4691.024007450572,-3283.7168052154,0.56,0.8176,1,1,52
0.30000000000000004,-0.0,-4691.024007450572,-4691.024007450572,-3283.7168052154,0.56,0.8176,1,1,52
0.31,-0.0,-4691.024007450572,-4691.024007450572,-3283.7168052154,0.56,0.8176,1,1,52
0.32,-0.0,-4691.024007450572,-4691.024007450572,-3283.7168052154,0.56,0.8176,1,1,52
0.33,-0.0,-4691.024007450572,-4691.024007450572,-3283.7168052154,0.56,0.8176,1,1,52
0.34,-0.0,-4691.024007450572,-4691.024007450572,-3283.7168052154,0.56,0.8176,1,1,52
0.35000000000000003,-0.0,-4691.024007450572,-4691.024007450572,-3283.7168052154,0.56,0.8176,1,1,52
0.36000000000000004,-0.0,-4691.024007450572,-4691.024007450572,-3283.7168052154,0.56,0.8176,1,1,52
0.37000000000000005,-0.0,-4691.024007450572,-4691.024007450572,-3283.7168052154,0.56,0.8176,1,1,52
0.38,-0.0,-4691.024007450572,-4691.024007450572,-3283.7168052154,0.56,0.8176,1,1,52
0.39,-0.0,-4691.024007450572,-4691.024007450572,-3283.7168052154,0.56,0.8176,1,1,52
0.4,-0.0,-4691.024007450572,-4691.024007450572,-3283.7168052154,0.56,0.8176,1,1,52
0.41000000000000003,-0.0,-4691.024007450572,-4691.024007450572,-3283.7168052154,0.56,0.8176,1,1,52
0.42000000000000004,-0.0,-4691.024007450572,-4691.024007450572,-3283.7168052154,0.56,0.8176,1,1,52
0.43000000000000005,-0.0,-4691.024007450572,-4691.024007450572,-3283.7168052154,0.56,0.8176,1,1,52
0.44,-0.0,-4691.024007450572,-4691.024007450572,-3283.7168052154,0.56,0.8176,1,1,52
0.45,-0.0,-4691.024007450572,-4691.024007450572,-3283.7168052154,0.56,0.8176,1,1,52
0.46,-0.0,-4691.024007450572,-4691.024007450572,-3283.7168052154,0.56,0.8176,1,1,52
0.47000000000000003,-0.0,-4691.024007450572,-4691.024007450572,-3283.7168052154,0.56,0.8176,1,1,52
0.48000000000000004,-0.0,-4691.024007450572,-4691.024007450572,-3283.7168052154,0.56,0.8176,1,1,52
0.49000000000000005,-0.0,-4691.024007450572,-4691.024007450572,-3283.7168052154,0.56,0.8176,1,1,52
0.5,-0.0,-4691.024007450572,-4691.024007450572,-3283.7168052154,0.56,0.8176,1,1,52
0.02,-0.0,-2818.312024019845,-2818.312024019845,-1690.987214411907,0.52,0.6864,1,1,53
0.03,-0.0,-2818.312024019845,-2818.312024019845,-1690.987214411907,0.52,0.6864,1,1,53
0.04,-0.0,-2818.312024019845,-2818.312024019845,-1690.987214411907,0.52,0.6864,1,1,53
0.05,-0.0,-2818.312024019845,-2818.312024019845,-1690.987214411907,0.52,0.6864,1,1,53
0.06,-0.0,-2818.312024019845,-2818.312024019845,-1690.987214411907,0.52,0.6864,1,1,53
0.07,-0.0,-2818.312024019845,-2818.312024019845,-1690.987214411907,0.52,0.6864,1,1,53
0.08,-0.0,-2818.312024019845,-2818.312024019845,-1690.987214411907,0.52,0.6864,1,1,53
0.09000000000000001,-0.0,-2818.312024019845,-2818.312024019845,-1690.987214411907,0.52,0.6864,1,1,53
0.1,-0.0,-2818.312024019845,-2818.312024019845,-1690.987214411907,0.52,0.6864,1,1,53
0.11,-0.0,-2818.312024019845,-2818.312024019845,-1690.987214411907,0.52,0.6864,1,1,53
0.12000000000000001,-0.0,-2818.312024019845,-2818.312024019845,-1690.987214411907,0.52,0.6864,1,1,53
0.13,-0.0,-2818.312024019845,-2818.312024019845,-1690.987214411907,0.52,0.6864,1,1,53
0.13999999999999999,-0.0,-2818.312024019845,-2818.312024019845,-1690.987214411907,0.52,0.6864,1,1,53
0.15,-0.0,-2818.312024019845,-2818.312024019845,-1690.987214411907,0.52,0.6864,1,1,53
0.16,-0.0,-2818.312024019845,-2818.312024019845,-1690.987214411907,0.52,0.6864,1,1,53
0.16999999999999998,-0.0,-2818.312024019845,-2818.312024019845,-1690.987214411907,0.52,0.6864,1,1,53
0.18,-0.0,-2818.312024019845,-2818.312024019845,-1690.987214411907,0.52,0.6864,1,1,53
0.19,-0.0,-2818.312024019845,-2818.312024019845,-1690.987214411907,0.52,0.6864,1,1,53
0.19999999999999998,-0.0,-2818.312024019845,-2818.312024019845,-1690.987214411907,0.52,0.6864,1,1,53
0.21,-0.0,-2818.312024019845,-2818.312024019845,-1690.987214411907,0.52,0.6864,1,1,53
0.22,-0.0,-2818.312024019845,-2818.312024019845,-1690.987214411907,0.52,0.6864,1,1,53
0.22999999999999998,-0.0,-2818.312024019845,-2818.312024019845,-1690.987214411907,0.52,0.6864,1,1,53
0.24,-0.0,-2818.312024019845,-2818.312024019845,-1690.987214411907,0.52,0.6864,1,1,53
0.25,-0.0,-2818.312024019845,-2818.312024019845,-1690.987214411907,0.52,0.6864,1,1,53
0.26,-0.0,-2818.312024019845,-2818.312024019845,-1690.987214411907,0.52,0.6864,1,1,53
0.27,-0.0,-2818.312024019845,-2818.312024019845,-1690.987214411907,0.52,0.6864,1,1,53
0.28,-0.0,-2818.312024019845,-2818.312024019845,-1690.987214411907,0.52,0.6864,1,1,53
0.29000000000000004,-0.0,-2818.312024019845,-2818.312024019845,-1690.987214411907,0.52,0.6864,1,1,53
0.30000000000000004,-0.0,-2818.312024019845,-2818.312024019845,-1690.987214411907,0.52,0.6864,1,1,53
0.31,-0.0,-2818.312024019845,-2818.312024019845,-1690.987214411907,0.52,0.6864,1,1,53
0.32,-0.0,-2818.312024019845,-2818.312024019845,-1690.987214411907,0.52,0.6864,1,1,53
0.33,-0.0,-2818.312024019845,-2818.312024019845,-1690.987214411907,0.52,0.6864,1,1,53
0.34,-0.0,-2818.312024019845,-2818.312024019845,-1690.987214411907,0.52,0.6864,1,1,53
0.35000000000000003,-0.0,-2818.312024019845,-2818.312024019845,-1690.987214411907,0.52,0.6864,1,1,53
0.36000000000000004,-0.0,-2818.312024019845,-2818.312024019845,-1690.987214411907,0.52,0.6864,1,1,53
0.37000000000000005,-0.0,-2818.312024019845,-2818.312024019845,-1690.987214411907,0.52,0.6864,1,1,53
0.38,-0.0,-2818.312024019845,-2818.312024019845,-1690.987214411907,0.52,0.6864,1,1,53
0.39,-0.0,-2818.312024019845,-2818.312024019845,-1690.987214411907,0.52,0.6864,1,1,53
0.4,-0.0,-2818.312024019845,-2818.312024019845,-1690.987214411907,0.52,0.6864,1,1,53
0.41000000000000003,-0.0,-2818.312024019845,-2818.312024019845,-1690.987214411907,0.52,0.6864,1,1,53
0.42000000000000004,-0.0,-2818.312024019845,-2818.312024019845,-1690.987214411907,0.52,0.6864,1,1,53
0.43000000000000005,-0.0,-2818.312024019845,-2818.312024019845,-1690.987214411907,0.52,0.6864,1,1,53
0.44,-0.0,-2818.312024019845,-2818.312024019845,-1690.987214411907,0.52,0.6864,1,1,53
0.45,-0.0,-2818.312024019845,-2818.312024019845,-1690.987214411907,0.52,0.6864,1,1,53
0.46,-0.0,-2818.312024019845,-2818.312024019845,-1690.987214411907,0.52,0.6864,1,1,53
0.47000000000000003,-0.0,-2818.312024019845,-2818.312024019845,-1690.987214411907,0.52,0.6864,1,1,53
0.48000000000000004,-0.0,-2818.312024019845,-2818.312024019845,-1690.987214411907,0.52,0.6864,1,1,53
0.49000000000000005,-0.0,-2818.312024019845,-2818.312024019845,-1690.987214411907,0.52,0.6864,1,1,53
0.5,-0.0,-2818.312024019845,-2818.312024019845,-1690.987214411907,0.52,0.6864,1,1,53
