year,dep,prod,surf,yield,source
2011,001,2267580,32394,70.0,late_excel
2011,002,15268154,186197,82.0,late_excel
2011,002,0,0,,late_excel
2011,002,2400,80,30.0,late_excel
2011,003,2449660,46220,53.0,late_excel
2011,004,90756,2521,36.0,late_excel
2011,005,86100,2460,35.0,late_excel
2011,006,532,14,38.0,late_excel
2011,007,93000,3100,30.0,late_excel
2011,008,5024208,62960,79.8,late_excel
2011,009,341878,7274,47.0,late_excel
2011,010,8291417,111145,74.6,late_excel
2011,011,168750,3750,45.0,late_excel
2011,012,450576,10479,42.99799599198397,late_excel
2011,013,21450,550,39.0,late_excel
2011,014,6582730,85490,77.0,late_excel
2011,015,211500,4500,47.0,late_excel
2011,016,2647680,63040,42.0,late_excel
2011,017,4606000,94000,49.0,late_excel
2011,018,6002100,105300,57.0,late_excel
2011,019,118560,2280,52.0,late_excel
2011,021,6350400,100800,63.0,late_excel
2011,022,7004400,89800,78.0,late_excel
2011,023,552900,9700,57.0,late_excel
2011,024,1158280,25180,46.0,late_excel
2011,025,493520,7960,62.0,late_excel
2011,026,1231190,23230,53.0,late_excel
2011,027,12629539,159868,78.99979357970325,late_excel
2011,028,12225600,169800,72.0,late_excel
2011,029,2833560,55560,51.0,late_excel
2011,030,55800,1550,36.0,late_excel
2011,031,1958507,40802,48.00026959462772,late_excel
2011,032,4122733,87718,46.999851797806606,late_excel
2011,033,293800,5650,52.0,late_excel
2011,034,31200,820,38.048780487804876,late_excel
2011,035,7434530,94070,79.0318911448921,late_excel
2011,036,6008800,107300,56.0,late_excel
2011,037,6478600,111700,58.0,late_excel
2011,038,1539200,29600,52.0,late_excel
2011,039,1241000,18250,68.0,late_excel
2011,040,158480,2830,56.0,late_excel
2011,041,5002000,82000,61.0,late_excel
2011,042,434500,9875,44.0,late_excel
2011,043,633360,13195,48.0,late_excel
2011,044,2837360,48920,58.0,late_excel
2011,045,6850800,103800,66.0,late_excel
2011,046,363295,9082,40.001651618586216,late_excel
2011,047,3253600,58100,56.0,late_excel
2011,048,34500,1150,30.0,late_excel
2011,049,5134500,81500,63.0,late_excel
2011,050,2849190,39030,73.0,late_excel
2011,051,14072012,166730,84.4,late_excel
2011,052,4142505,64525,64.2,late_excel
2011,053,5204560,77680,67.0,late_excel
2011,054,4262400,66600,64.0,late_excel
2011,055,5273000,78700,67.0012706480305,late_excel
2011,056,3994900,57070,70.0,late_excel
2011,057,4538000,73200,61.994535519125684,late_excel
2011,058,2802000,46700,60.0,late_excel
2011,059,10845380,119180,91.0,late_excel
2011,060,11376680,162524,70.0,late_excel
2011,061,6054480,84090,72.0,late_excel
2011,062,16318040,177370,92.0,late_excel
2011,063,2603620,44890,58.0,late_excel
2011,064,225040,3880,58.0,late_excel
2011,065,232272,4839,48.0,late_excel
2011,066,3000,100,30.0,late_excel
2011,067,2020050,30150,67.0,late_excel
2011,068,1481490,18290,81.0,late_excel
2011,069,559625,10175,55.0,late_excel
2011,070,2534730,38405,66.0,late_excel
2011,071,2337300,37100,63.0,late_excel
2011,072,5504000,86000,64.0,late_excel
2011,073,52250,950,55.0,late_excel
2011,074,229140,3420,67.0,late_excel
2011,076,10463523,112511,93.0,late_excel
2011,077,11400960,142512,80.0,late_excel
2011,078,2614617,37893,69.0,late_excel
2011,079,5535850,104450,53.0,late_excel
2011,080,16525740,196735,84.0,late_excel
2011,081,1749171,38025,46.000552268244576,late_excel
2011,082,1725307,37507,45.99960007465273,late_excel
2011,083,6156,171,36.0,late_excel
2011,084,61598,1621,38.0,late_excel
2011,085,4758000,78000,61.0,late_excel
2011,086,7144400,134800,53.0,late_excel
2011,087,535600,10300,52.0,late_excel
2011,088,1560000,24000,65.0,late_excel
2011,089,8047600,129800,62.0,late_excel
2011,090,199080,2765,72.0,late_excel
2011,091,2304264,34392,67.0,late_excel
2011,092,0,0,,late_excel
2011,093,30636,414,74.0,late_excel
2011,094,33299,497,67.0,late_excel
2011,095,1899506,25669,74.0,late_excel
2011,971,0,0,,late_excel
2011,972,0,0,,late_excel
2011,973,0,0,,late_excel
2011,974,0,0,,late_excel
2011,976,0,0,,late_excel
2012,001,2284700,34100,67.0,late_excel
2012,002,14794005,182094,81.2437806847013,late_excel
2012,002,0,0,,late_excel
2012,002,2240,64,35.0,late_excel
2012,003,3125850,48090,65.0,late_excel
2012,004,98760,2469,40.0,late_excel
2012,005,101000,2525,40.0,late_excel
2012,006,400,10,40.0,late_excel
2012,007,101880,2830,36.0,late_excel
2012,008,4107670,58100,70.7,late_excel
2012,009,437130,7669,56.999608814708566,late_excel
2012,010,7098510,94020,75.5,late_excel
2012,011,214890,3770,57.0,late_excel
2012,012,571810,10688,53.5001871257485,late_excel
2012,013,0,0,,late_excel
2012,014,6817700,86300,79.0,late_excel
2012,015,252000,4500,56.0,late_excel
2012,016,4387680,66480,66.0,late_excel
2012,017,7118800,96200,74.0,late_excel
2012,018,7210500,104500,69.0,late_excel
2012,019,126500,2300,55.0,late_excel
2012,021,5824000,89600,65.0,late_excel
2012,022,6211800,91350,68.0,late_excel
2012,023,572880,10230,56.0,late_excel
2012,024,1618200,26970,60.0,late_excel
2012,025,491400,8190,60.0,late_excel
2012,026,1449000,23000,63.0,late_excel
2012,027,13741737,157951,87.0,late_excel
2012,028,13489000,164500,82.0,late_excel
2012,029,3256800,55200,59.0,late_excel
2012,030,80660,2180,37.0,late_excel
2012,031,2660301,42227,63.0,late_excel
2012,032,5980376,92719,64.50000539263797,late_excel
2012,033,467870,7670,61.0,late_excel
2012,034,36480,960,38.0,late_excel
2012,035,7113000,94840,75.0,late_excel
2012,036,7310000,107500,68.0,late_excel
2012,037,7831500,113500,69.0,late_excel
2012,038,1888520,30460,62.0,late_excel
2012,039,1093950,16830,65.0,late_excel
2012,040,185850,3150,59.0,late_excel
2012,041,5949500,81500,73.0,late_excel
2012,042,599700,9995,60.0,late_excel
2012,043,728730,13495,54.0,late_excel
2012,044,3485860,49798,70.0,late_excel
2012,045,7866000,103500,76.0,late_excel
2012,046,558525,10155,55.0,late_excel
2012,047,4328870,64610,67.0,late_excel
2012,048,60000,1200,50.0,late_excel
2012,049,6147000,81960,75.0,late_excel
2012,050,2838000,43000,66.0,late_excel
2012,051,11527672,144820,79.6,late_excel
2012,052,2770025,44750,61.9,late_excel
2012,053,5862058,79217,74.0,late_excel
2012,054,2183000,39900,54.711779448621556,late_excel
2012,055,2132000,35800,59.55307262569833,late_excel
2012,056,4009590,58110,69.0,late_excel
2012,057,3090000,51100,60.46966731898239,late_excel
2012,058,2970500,45700,65.0,late_excel
2012,059,9589415,121385,79.0,late_excel
2012,060,13423702,162909,82.40000245535852,late_excel
2012,061,6035000,85000,71.0,late_excel
2012,062,14124410,178790,79.0,late_excel
2012,063,2982540,45190,66.0,late_excel
2012,064,283560,4170,68.0,late_excel
2012,065,351780,5412,65.0,late_excel
2012,066,4500,150,30.0,late_excel
2012,067,1373600,20200,68.0,late_excel
2012,068,1086300,15300,71.0,late_excel
2012,069,661850,10850,61.0,late_excel
2012,070,2223450,36450,61.0,late_excel
2012,071,2438800,36400,67.0,late_excel
2012,072,6455390,87235,74.0,late_excel
2012,073,66950,1030,65.0,late_excel
2012,074,247000,3800,65.0,late_excel
2012,076,9917304,113992,87.0,late_excel
2012,077,11164230,137830,81.0,late_excel
2012,078,3079620,38020,81.0,late_excel
2012,079,7595650,104050,73.0,late_excel
2012,080,16825580,197748,85.08596799967636,late_excel
2012,081,2339580,38993,60.0,late_excel
2012,082,2580605,42305,61.0,late_excel
2012,083,9614,253,38.0,late_excel
2012,084,66707,1627,41.0,late_excel
2012,085,5792948,76223,76.0,late_excel
2012,086,9819300,138300,71.0,late_excel
2012,087,582400,11200,52.0,late_excel
2012,088,750000,15000,50.0,late_excel
2012,089,8234300,122900,67.0,late_excel
2012,090,146400,2400,61.0,late_excel
2012,091,2757250,33625,82.0,late_excel
2012,092,0,0,,late_excel
2012,093,28946,353,82.0,late_excel
2012,094,36490,445,82.0,late_excel
2012,095,2105350,25675,82.0,late_excel
2012,971,0,0,,late_excel
2012,972,0,0,,late_excel
2012,973,0,0,,late_excel
2012,974,0,0,,late_excel
2012,976,0,0,,late_excel
2013,001,2109984,34032,62.0,late_excel
2013,002,16849651,185161,91.0,late_excel
2013,002,0,0,,late_excel
2013,002,4095,117,35.0,late_excel
2013,003,3120000,48750,64.0,late_excel
2013,004,108800,2720,40.0,late_excel
2013,005,110080,2752,40.0,late_excel
2013,006,304,8,38.0,late_excel
2013,007,110400,2760,40.0,late_excel
2013,008,4946295,62850,78.7,late_excel
2013,009,427329,8379,51.0,late_excel
2013,010,8651719,112550,76.87000444247002,late_excel
2013,011,382800,6600,58.0,late_excel
2013,012,542925,12065,45.0,late_excel
2013,013,54760,1369,40.0,late_excel
2013,014,6806000,82000,83.0,late_excel
2013,015,273600,4800,57.0,late_excel
2013,016,4164480,65070,64.0,late_excel
2013,017,6673100,95330,70.0,late_excel
2013,018,7384800,108600,68.0,late_excel
2013,019,137500,2750,50.0,late_excel
2013,021,6712200,101700,66.0,late_excel
2013,022,6628920,89580,74.0,late_excel
2013,023,560560,10780,52.0,late_excel
2013,024,1485000,27000,55.0,late_excel
2013,025,485570,8230,59.0,late_excel
2013,026,1431600,23860,60.0,late_excel
2013,027,13115000,152500,86.0,late_excel
2013,028,13689000,169000,81.0,late_excel
2013,029,3700000,50000,74.0,late_excel
2013,030,171350,3725,46.0,late_excel
2013,031,2551432,49066,52.0,late_excel
2013,032,5515070,100274,55.0,late_excel
2013,033,336500,6730,50.0,late_excel
2013,034,78075,1735,45.0,late_excel
2013,035,7315000,95000,77.0,late_excel
2013,036,6444800,100700,64.0,late_excel
2013,037,6080000,95000,64.0,late_excel
2013,038,1814250,30750,59.0,late_excel
2013,039,1091790,17330,63.0,late_excel
2013,040,166380,3540,47.0,late_excel
2013,041,5544000,79200,70.0,late_excel
2013,042,610120,10895,56.0,late_excel
2013,043,769725,13995,55.0,late_excel
2013,044,2689470,42690,63.0,late_excel
2013,045,7524000,104500,72.0,late_excel
2013,046,522546,10246,51.0,late_excel
2013,047,3908400,65140,60.0,late_excel
2013,048,64900,1180,55.0,late_excel
2013,049,4930530,74705,66.0,late_excel
2013,050,2780700,39000,71.3,late_excel
2013,051,14920073,169450,88.05000295072293,late_excel
2013,052,4410288,64800,68.06,late_excel
2013,053,5321450,74950,71.0,late_excel
2013,054,4800000,70500,68.08510638297872,late_excel
2013,055,6100000,82300,74.1190765492102,late_excel
2013,056,4282500,57100,75.0,late_excel
2013,057,5440000,77300,70.3751617076326,late_excel
2013,058,3126500,48100,65.0,late_excel
2013,059,10331968,112304,92.0,late_excel
2013,060,14358882,162430,88.40043095487287,late_excel
2013,061,5751200,79000,72.8,late_excel
2013,062,14833986,166674,89.0,late_excel
2013,063,3236535,45585,71.0,late_excel
2013,064,251000,5020,50.0,late_excel
2013,065,285950,5719,50.0,late_excel
2013,066,7200,180,40.0,late_excel
2013,067,2174400,30200,72.0,late_excel
2013,068,1302400,17600,74.0,late_excel
2013,069,640500,10675,60.0,late_excel
2013,070,2378880,37760,63.0,late_excel
2013,071,2263000,36500,62.0,late_excel
2013,072,5286750,75525,70.0,late_excel
2013,073,67600,1040,65.0,late_excel
2013,074,255780,4060,63.0,late_excel
2013,076,10119300,113700,89.0,late_excel
2013,077,11811240,140610,84.0,late_excel
2013,078,2954800,35600,83.0,late_excel
2013,079,6629650,98950,67.0,late_excel
2013,080,18316443,196951,93.0,late_excel
2013,081,2298230,41786,55.0,late_excel
2013,082,2372112,43928,54.0,late_excel
2013,083,9462,249,38.0,late_excel
2013,084,103630,2410,43.0,late_excel
2013,085,4658175,69525,67.0,late_excel
2013,086,8371200,130800,64.0,late_excel
2013,087,605000,12100,50.0,late_excel
2013,088,1560000,24900,62.65060240963855,late_excel
2013,089,8541000,131400,65.0,late_excel
2013,090,158275,2435,65.0,late_excel
2013,091,2853540,34380,83.0,late_excel
2013,092,0,0,,late_excel
2013,093,32385,381,85.0,late_excel
2013,094,44239,533,83.0,late_excel
2013,095,2087600,24560,85.0,late_excel
2013,971,0,0,,late_excel
2013,972,0,0,,late_excel
2013,973,0,0,,late_excel
2013,974,0,0,,late_excel
2013,976,0,0,,late_excel
2014,001,2174616,30203,72.0,late_excel
2014,002,17465400,187800,93.0,late_excel
2014,002,0,0,,late_excel
2014,002,4410,126,35.0,late_excel
2014,003,3105050,47770,65.0,late_excel
2014,004,102306,3009,34.0,late_excel
2014,005,127305,2829,45.0,late_excel
2014,006,200,5,40.0,late_excel
2014,007,82800,2760,30.0,late_excel
2014,008,5671791,63090,89.9,late_excel
2014,009,426870,8370,51.0,late_excel
2014,010,8720810,105070,83.0,late_excel
2014,011,558000,9300,60.0,late_excel
2014,012,598000,13000,46.0,late_excel
2014,013,50985,1545,33.0,late_excel
2014,014,7134000,87000,82.0,late_excel
2014,015,303000,5050,60.0,late_excel
2014,016,3751500,61500,61.0,late_excel
2014,017,6737850,97650,69.0,late_excel
2014,018,6904830,100070,69.0,late_excel
2014,019,165300,2850,58.0,late_excel
2014,021,5631600,98800,57.0,late_excel
2014,022,6848250,91310,75.0,late_excel
2014,023,636000,10600,60.0,late_excel
2014,024,1346800,25900,52.0,late_excel
2014,025,530640,7920,67.0,late_excel
2014,026,1196210,22570,53.0,late_excel
2014,027,13545000,157500,86.0,late_excel
2014,028,15075600,177360,85.0,late_excel
2014,029,3811000,51500,74.0,late_excel
2014,030,136400,4400,31.0,late_excel
2014,031,2756000,53000,52.0,late_excel
2014,032,5871000,103000,57.0,late_excel
2014,033,285200,6200,46.0,late_excel
2014,034,39820,1810,22.0,late_excel
2014,035,7324196,96371,76.0,late_excel
2014,036,6961840,102380,68.0,late_excel
2014,037,7210845,104505,69.0,late_excel
2014,038,1418680,24460,58.0,late_excel
2014,039,1081685,15235,71.0,late_excel
2014,040,129720,2760,47.0,late_excel
2014,041,6757500,90100,75.0,late_excel
2014,042,584550,11225,52.075723830734965,late_excel
2014,043,738140,14195,52.0,late_excel
2014,044,3633920,53440,68.0,late_excel
2014,045,7548000,102000,74.0,late_excel
2014,046,476736,9932,48.0,late_excel
2014,047,3363800,61160,55.0,late_excel
2014,048,66000,1320,50.0,late_excel
2014,049,6225408,86464,72.0,late_excel
2014,050,2982000,42000,71.0,late_excel
2014,051,15313788,163260,93.8,late_excel
2014,052,3382288,56560,59.8,late_excel
2014,053,6256481,81253,77.0,late_excel
2014,054,3577200,54200,66.0,late_excel
2014,055,5205000,69400,75.0,late_excel
2014,056,4629008,60908,76.0,late_excel
2014,057,3724800,58200,64.0,late_excel
2014,058,2964000,45600,65.0,late_excel
2014,059,10307704,117133,88.0,late_excel
2014,060,14224500,163500,87.0,late_excel
2014,061,6283500,88500,71.0,late_excel
2014,062,15597120,177240,88.0,late_excel
2014,063,2942940,44590,66.0,late_excel
2014,064,216320,4160,52.0,late_excel
2014,065,262701,5151,51.0,late_excel
2014,066,7250,250,29.0,late_excel
2014,067,2019477,27290,74.00062293880542,late_excel
2014,068,1395237,17015,82.00041140170438,late_excel
2014,069,570640,10190,56.0,late_excel
2014,070,2336425,35945,65.0,late_excel
2014,071,2150400,33600,64.0,late_excel
2014,072,6661184,90016,74.0,late_excel
2014,073,44400,740,60.0,late_excel
2014,074,223680,3495,64.0,late_excel
2014,076,9594800,115600,83.0,late_excel
2014,077,12243440,139130,88.0,late_excel
2014,078,3209610,38670,83.0,late_excel
2014,079,7451500,106450,70.0,late_excel
2014,080,18109000,199492,90.77556994766708,late_excel
2014,081,2321800,44650,52.0,late_excel
2014,082,2058000,42000,49.0,late_excel
2014,083,15580,380,41.0,late_excel
2014,084,105552,2932,36.0,late_excel
2014,085,5857713,82503,71.0,late_excel
2014,086,8602800,128400,67.0,late_excel
2014,087,707600,12200,58.0,late_excel
2014,088,1239000,21000,59.0,late_excel
2014,089,7865600,122900,64.0,late_excel
2014,090,197580,2670,74.0,late_excel
2014,091,2917200,34320,85.0,late_excel
2014,092,0,0,,late_excel
2014,093,25730,310,83.0,late_excel
2014,094,45475,535,85.0,late_excel
2014,095,2114840,25480,83.0,late_excel
2014,971,0,0,,late_excel
2014,972,0,0,,late_excel
2014,973,0,0,,late_excel
2014,974,0,0,,late_excel
2014,976,0,0,,late_excel
2015,001,2448432,34006,72.0,late_excel
2015,002,17900375,188425,95.0,late_excel
2015,002,0,0,,late_excel
2015,002,3500,100,35.0,late_excel
2015,003,3059080,49340,62.0,late_excel
2015,004,86478,2982,29.0,late_excel
2015,005,143382,3117,46.0,late_excel
2015,006,320,8,40.0,late_excel
2015,007,59080,2110,28.0,late_excel
2015,008,5979933,65070,91.9,late_excel
2015,009,477000,9000,53.0,late_excel
2015,010,9915773,111790,88.7,late_excel
2015,011,362960,6980,52.0,late_excel
2015,012,684040,13960,49.0,late_excel
2015,013,62440,1561,40.0,late_excel
2015,014,7481140,86990,86.0,late_excel
2015,015,295800,5100,58.0,late_excel
2015,016,4181100,63350,66.0,late_excel
2015,017,6918480,96090,72.0,late_excel
2015,018,7502250,107175,70.0,late_excel
2015,019,192600,3210,60.0,late_excel
2015,021,7224000,103200,70.0,late_excel
2015,022,6957600,89200,78.0,late_excel
2015,023,720000,12000,60.0,late_excel
2015,024,1649050,27950,59.0,late_excel
2015,025,589600,8800,67.0,late_excel
2015,026,1312540,22630,58.0,late_excel
2015,027,14446620,155340,93.0,late_excel
2015,028,14935620,173670,86.0,late_excel
2015,029,3774000,51000,74.0,late_excel
2015,030,125580,2990,42.0,late_excel
2015,031,2872800,50400,57.0,late_excel
2015,032,5546475,100845,55.0,late_excel
2015,033,375200,6700,56.0,late_excel
2015,034,74370,2010,37.0,late_excel
2015,035,7792000,97400,80.0,late_excel
2015,036,7347900,104970,70.0,late_excel
2015,037,8428600,113900,74.0,late_excel
2015,038,1709400,28490,60.0,late_excel
2015,039,1260350,18005,70.0,late_excel
2015,040,149340,2620,57.0,late_excel
2015,041,6747660,88785,76.0,late_excel
2015,042,542100,10425,52.0,late_excel
2015,043,722250,14445,50.0,late_excel
2015,044,4202537,57569,73.0,late_excel
2015,045,8039584,105784,76.0,late_excel
2015,046,540500,10810,50.0,late_excel
2015,047,4168960,65140,64.0,late_excel
2015,048,42900,1430,30.0,late_excel
2015,049,6724425,89659,75.0,late_excel
2015,050,3272500,42500,77.0,late_excel
2015,051,16161068,168520,95.9,late_excel
2015,052,4812173,65830,73.1,late_excel
2015,053,6466000,80825,80.0,late_excel
2015,054,5104160,69920,73.0,late_excel
2015,055,6520640,79520,82.0,late_excel
2015,056,4898000,62000,79.0,late_excel
2015,057,5483400,74100,74.0,late_excel
2015,058,3372500,47500,71.0,late_excel
2015,059,12100000,121000,100.0,late_excel
2015,060,15270600,164200,93.0,late_excel
2015,061,6901600,86270,80.0,late_excel
2015,062,17628930,178070,99.0,late_excel
2015,063,2720600,44600,61.0,late_excel
2015,064,261080,4280,61.0,late_excel
2015,065,280000,5600,50.0,late_excel
2015,066,7350,245,30.0,late_excel
2015,067,2510750,30250,83.0,late_excel
2015,068,1524900,18020,84.62264150943396,late_excel
2015,069,576800,10300,56.0,late_excel
2015,070,2730350,39005,70.0,late_excel
2015,071,2786400,38700,72.0,late_excel
2015,072,7256480,90706,80.0,late_excel
2015,073,48900,815,60.0,late_excel
2015,074,280914,4022,69.84435604177027,late_excel
2015,076,11376000,118500,96.0,late_excel
2015,077,12593500,141500,89.0,late_excel
2015,078,3249015,37345,87.0,late_excel
2015,079,7623000,108900,70.0,late_excel
2015,080,20049282,202518,99.0,late_excel
2015,081,2420280,44820,54.0,late_excel
2015,082,2534000,45250,56.0,late_excel
2015,083,10780,308,35.0,late_excel
2015,084,92736,2576,36.0,late_excel
2015,085,6026112,83696,72.0,late_excel
2015,086,9511160,133960,71.0,late_excel
2015,087,798000,13300,60.0,late_excel
2015,088,1868400,25950,72.0,late_excel
2015,089,9563000,131000,73.0,late_excel
2015,090,193460,2845,68.0,late_excel
2015,091,2858520,34440,83.0,late_excel
2015,092,0,0,,late_excel
2015,093,29120,320,91.0,late_excel
2015,094,39840,480,83.0,late_excel
2015,095,2293655,25205,91.0,late_excel
2015,971,0,0,,late_excel
2015,972,0,0,,late_excel
2015,973,0,0,,late_excel
2015,974,0,0,,late_excel
2015,976,0,0,,late_excel
2016,001,2054250,37350,55.0,late_excel
2016,002,9842100,185700,53.0,late_excel
2016,002,30,1,30.0,late_excel
2016,002,2070,69,30.0,late_excel
2016,003,2837380,54565,52.0,late_excel
2016,004,90306,2269,39.79991185544293,late_excel
2016,005,143740,3118,46.10006414368185,late_excel
2016,006,336,8,42.0,late_excel
2016,007,91960,2420,38.0,late_excel
2016,008,3601395,64890,55.5,late_excel
2016,009,465300,8460,55.0,late_excel
2016,010,5061053,109310,46.3,late_excel
2016,011,263940,4980,53.0,late_excel
2016,012,753375,15375,49.0,late_excel
2016,013,39178,1002,39.0998003992016,late_excel
2016,014,5518800,86600,63.72748267898383,late_excel
2016,015,264000,4800,55.0,late_excel
2016,016,3696920,63740,58.0,late_excel
2016,017,5929500,88500,67.0,late_excel
2016,018,4401200,110030,40.0,late_excel
2016,019,154206,3954,39.0,late_excel
2016,021,4784690,104015,46.0,late_excel
2016,022,6415500,91000,70.5,late_excel
2016,023,507400,12685,40.0,late_excel
2016,024,1440600,29400,49.0,late_excel
2016,025,319605,8195,39.0,late_excel
2016,026,1349400,22490,60.0,late_excel
2016,027,10107620,150860,67.0,late_excel
2016,028,8974530,165195,54.32688640697358,late_excel
2016,029,3434000,50500,68.0,late_excel
2016,030,123840,2580,48.0,late_excel
2016,031,2710200,45170,60.0,late_excel
2016,032,5758400,97600,59.0,late_excel
2016,033,385840,7280,53.0,late_excel
2016,034,50960,1820,28.0,late_excel
2016,035,6762000,98000,69.0,late_excel
2016,036,4469000,109000,41.0,late_excel
2016,037,5154990,112065,46.0,late_excel
2016,038,1922760,30520,63.0,late_excel
2016,039,711480,16940,42.0,late_excel
2016,040,191520,3420,56.0,late_excel
2016,041,3726360,84690,44.0,late_excel
2016,042,682880,10670,64.0,late_excel
2016,043,814530,14290,57.0,late_excel
2016,044,3584360,58760,61.0,late_excel
2016,045,3677400,102150,36.0,late_excel
2016,046,529200,10800,49.0,late_excel
2016,047,3682200,64600,57.0,late_excel
2016,048,76950,1710,45.0,late_excel
2016,049,5089701,89293,57.0,late_excel
2016,050,2659800,43100,61.7122969837587,late_excel
2016,051,9481968,168120,56.4,late_excel
2016,052,2967657,66990,44.3,late_excel
2016,053,5114132,82486,62.0,late_excel
2016,054,3214575,70150,45.824305060584464,late_excel
2016,055,4072680,83800,48.6,late_excel
2016,056,4297600,63200,68.0,late_excel
2016,057,3505905,76050,46.1,late_excel
2016,058,1934010,50895,38.0,late_excel
2016,059,7488000,117000,64.0,late_excel
2016,060,8382400,161200,52.0,late_excel
2016,061,4558000,86000,53.0,late_excel
2016,062,11168000,174500,64.0,late_excel
2016,063,2778000,46300,60.0,late_excel
2016,064,319000,5800,55.0,late_excel
2016,065,354000,6000,59.0,late_excel
2016,066,4340,155,28.0,late_excel
2016,067,1641823,33713,48.69999703378519,late_excel
2016,068,1040104,18980,54.8,late_excel
2016,069,659100,10985,60.0,late_excel
2016,070,1677060,39930,42.0,late_excel
2016,071,1996560,42480,47.0,late_excel
2016,072,4696182,92082,51.0,late_excel
2016,073,63900,1065,60.0,late_excel
2016,074,281125,4325,65.0,late_excel
2016,076,7533500,115900,65.0,late_excel
2016,077,5589600,139740,40.0,late_excel
2016,078,1827500,36550,50.0,late_excel
2016,079,6028400,107650,56.0,late_excel
2016,080,11587600,196400,59.0,late_excel
2016,081,2183070,41190,53.0,late_excel
2016,082,2425500,44100,55.0,late_excel
2016,083,16687,407,41.0,late_excel
2016,084,93520,2338,40.0,late_excel
2016,085,5101980,82290,62.0,late_excel
2016,086,6778500,135570,50.0,late_excel
2016,087,565305,14495,39.0,late_excel
2016,088,1107700,26500,41.8,late_excel
2016,089,4763160,132310,36.0,late_excel
2016,090,151450,3029,50.0,late_excel
2016,091,1505925,33465,45.0,late_excel
2016,092,0,0,,late_excel
2016,093,19000,380,50.0,late_excel
2016,094,20925,465,45.0,late_excel
2016,095,1235000,24700,50.0,late_excel
2016,971,0,0,,late_excel
2016,972,0,0,,late_excel
2016,973,0,0,,late_excel
2016,974,0,0,,late_excel
2016,976,0,0,,late_excel
2017,001,2406776,32524,74.0,late_excel
2017,002,15262800,181700,84.0,late_excel
2017,002,35,1,35.0,late_excel
2017,002,2240,64,35.0,late_excel
2017,003,3023185,49970,60.5,late_excel
2017,004,72200,2005,36.00997506234414,late_excel
2017,005,106881,2883,37.072840790842875,late_excel
2017,006,300,11,27.272727272727273,late_excel
2017,007,74100,1900,39.0,late_excel
2017,008,5095500,64500,79.0,late_excel
2017,009,364800,7600,48.0,late_excel
2017,010,8040750,106500,75.5,late_excel
2017,011,258110,4870,53.0,late_excel
2017,012,743070,15810,47.0,late_excel
2017,013,37000,1000,37.0,late_excel
2017,014,6781400,82700,82.0,late_excel
2017,015,213670,4645,46.0,late_excel
2017,016,3702000,61700,60.0,late_excel
2017,017,5658250,87050,65.0,late_excel
2017,018,7056980,106120,66.5,late_excel
2017,019,187832,3544,53.0,late_excel
2017,021,6672600,100300,66.52642073778664,late_excel
2017,022,7260090,89300,81.3,late_excel
2017,023,630700,11900,53.0,late_excel
2017,024,1483920,27480,54.0,late_excel
2017,025,520650,8000,65.08125,late_excel
2017,026,1113600,19200,58.0,late_excel
2017,027,12622500,148500,85.0,late_excel
2017,028,13267358,166885,79.50000299607514,late_excel
2017,029,3767300,50500,74.6,late_excel
2017,030,107310,2190,49.0,late_excel
2017,031,2478000,42000,59.0,late_excel
2017,032,5278200,92600,57.0,late_excel
2017,033,373320,6120,61.0,late_excel
2017,034,98230,2090,47.0,late_excel
2017,035,7596380,94600,80.3,late_excel
2017,036,6878555,102665,67.0,late_excel
2017,037,7574635,106685,71.0,late_excel
2017,038,1822400,27200,67.0,late_excel
2017,039,1235800,16700,74.0,late_excel
2017,040,195000,3000,65.0,late_excel
2017,041,6066075,83670,72.5,late_excel
2017,042,559440,9990,56.0,late_excel
2017,043,676320,14090,48.0,late_excel
2017,044,3980757,56067,71.0,late_excel
2017,045,6723360,97440,69.0,late_excel
2017,046,470400,9800,48.0,late_excel
2017,047,3861000,59400,65.0,late_excel
2017,048,84870,1845,46.0,late_excel
2017,049,5983950,85485,70.0,late_excel
2017,050,3117750,41570,75.0,late_excel
2017,051,13486500,166500,81.0,late_excel
2017,052,3997500,65000,61.5,late_excel
2017,053,5993360,78860,76.0,late_excel
2017,054,4007800,69100,58.0,late_excel
2017,055,5301000,85500,62.0,late_excel
2017,056,4818700,62500,77.0992,late_excel
2017,057,4671000,77850,60.0,late_excel
2017,058,3264000,46900,69.5948827292111,late_excel
2017,059,10305000,114500,90.0,late_excel
2017,060,13006100,156700,83.0,late_excel
2017,061,6093750,81250,75.0,late_excel
2017,062,15594000,169500,92.0,late_excel
2017,063,2684000,44000,61.0,late_excel
2017,064,325500,5250,62.0,late_excel
2017,065,338550,5550,61.0,late_excel
2017,066,7095,165,43.0,late_excel
2017,067,2363400,30300,78.0,late_excel
2017,068,1309000,17000,77.0,late_excel
2017,069,660960,9720,68.0,late_excel
2017,070,2570200,37250,68.99865771812081,late_excel
2017,071,2922000,38300,76.29242819843343,late_excel
2017,072,6550554,88521,74.0,late_excel
2017,073,64347,1010,63.70990099009901,late_excel
2017,074,275740,4055,68.0,late_excel
2017,076,10858500,114300,95.0,late_excel
2017,077,11009925,135925,81.0,late_excel
2017,078,2770800,34635,80.0,late_excel
2017,079,6756750,103950,65.0,late_excel
2017,080,16843200,191400,88.0,late_excel
2017,081,2194500,38500,57.0,late_excel
2017,082,2362650,41450,57.0,late_excel
2017,083,11370,308,36.91558441558441,late_excel
2017,084,53700,1852,28.995680345572353,late_excel
2017,085,5750858,80998,71.0,late_excel
2017,086,8678010,131485,66.0,late_excel
2017,087,710640,13160,54.0,late_excel
2017,088,1581000,25500,62.0,late_excel
2017,089,8241000,125450,65.69151056197688,late_excel
2017,090,233600,2905,80.4130808950086,late_excel
2017,091,2428500,32380,75.0,late_excel
2017,092,0,0,,late_excel
2017,093,27470,335,82.0,late_excel
2017,094,32250,430,75.0,late_excel
2017,095,1990140,24270,82.0,late_excel
2017,971,0,0,,late_excel
2017,972,0,0,,late_excel
2017,973,0,0,,late_excel
2017,974,0,0,,late_excel
2017,976,0,0,,late_excel
2018,001,2332538,34814,67.0,late_excel
2018,002,14639460,178530,82.0,late_excel
2018,002,35,1,35.0,late_excel
2018,002,1855,53,35.0,late_excel
2018,003,2901600,48360,60.0,late_excel
2018,004,51884,1533,33.84474885844749,late_excel
2018,005,69384,2141,32.407286314806164,late_excel
2018,006,360,9,40.0,late_excel
2018,007,74860,1970,38.0,late_excel
2018,008,5031000,64500,78.0,late_excel
2018,009,282400,7060,40.0,late_excel
2018,010,8307000,106500,78.0,late_excel
2018,011,213360,5080,42.0,late_excel
2018,012,645600,16140,40.0,late_excel
2018,013,38151,1003,38.03688933200399,late_excel
2018,014,5978880,83040,72.0,late_excel
2018,015,206775,4595,45.0,late_excel
2018,016,3612000,60200,60.0,late_excel
2018,017,5459200,85300,64.0,late_excel
2018,018,6257225,96265,65.0,late_excel
2018,019,160800,3350,48.0,late_excel
2018,021,6580200,99700,66.0,late_excel
2018,022,6085000,90000,67.61111111111111,late_excel
2018,023,580800,12100,48.0,late_excel
2018,024,1357365,26615,51.0,late_excel
2018,025,434500,7400,58.71621621621622,late_excel
2018,026,935340,18340,51.0,late_excel
2018,027,12032680,146740,82.0,late_excel
2018,028,12609905,163765,77.0,late_excel
2018,029,3536480,49600,71.3,late_excel
2018,030,78255,2115,37.0,late_excel
2018,031,1853730,43110,43.0,late_excel
2018,032,4516800,94100,48.0,late_excel
2018,033,332800,6400,52.0,late_excel
2018,034,90650,2590,35.0,late_excel
2018,035,6279525,94500,66.45,late_excel
2018,036,6379210,100460,63.5,late_excel
2018,037,6720840,106680,63.0,late_excel
2018,038,1691530,27730,61.0,late_excel
2018,039,1100800,17200,64.0,late_excel
2018,040,174500,3490,50.0,late_excel
2018,041,5664900,82100,69.0,late_excel
2018,042,516750,9750,53.0,late_excel
2018,043,659500,13190,50.0,late_excel
2018,044,3390868,55588,61.0,late_excel
2018,045,6553965,94985,69.0,late_excel
2018,046,412860,9830,42.0,late_excel
2018,047,3360000,60000,56.0,late_excel
2018,048,77785,1655,47.0,late_excel
2018,049,5343488,83492,64.0,late_excel
2018,050,2634440,39320,67.0,late_excel
2018,051,13407000,163500,82.0,late_excel
2018,052,4270500,65700,65.0,late_excel
2018,053,5116800,79950,64.0,late_excel
2018,054,4176250,64250,65.0,late_excel
2018,055,5390000,77000,70.0,late_excel
2018,056,4288000,62150,68.994368463395,late_excel
2018,057,4369200,66200,66.0,late_excel
2018,058,2916900,46300,63.0,late_excel
2018,059,10092720,114690,88.0,late_excel
2018,060,12555000,155000,81.0,late_excel
2018,061,5377680,81480,66.0,late_excel
2018,062,15086390,169510,89.0,late_excel
2018,063,2538000,42300,60.0,late_excel
2018,064,240750,5350,45.0,late_excel
2018,065,261010,6070,43.0,late_excel
2018,066,5075,145,35.0,late_excel
2018,067,2224800,30900,72.0,late_excel
2018,068,1297500,17300,75.0,late_excel
2018,069,624650,10075,62.0,late_excel
2018,070,2275300,37300,61.0,late_excel
2018,071,2470400,38600,64.0,late_excel
2018,072,5668544,88571,64.0,late_excel
2018,073,61110,970,63.0,late_excel
2018,074,271260,4110,66.0,late_excel
2018,076,9810880,114080,86.0,late_excel
2018,077,10081225,130925,77.0,late_excel
2018,078,2595400,34150,76.0,late_excel
2018,079,6622850,101890,65.0,late_excel
2018,080,15897000,189250,84.0,late_excel
2018,081,1788940,38890,46.0,late_excel
2018,082,1994300,40700,49.0,late_excel
2018,083,8946,264,33.88636363636363,late_excel
2018,084,56268,1905,29.53700787401575,late_excel
2018,085,4545351,79743,57.0,late_excel
2018,086,8072960,126140,64.0,late_excel
2018,087,587500,12500,47.0,late_excel
2018,088,1590625,25450,62.5,late_excel
2018,089,8357200,122900,68.0,late_excel
2018,090,182000,2800,65.0,late_excel
2018,091,2332500,31100,75.0,late_excel
2018,092,0,0,,late_excel
2018,093,27335,355,77.0,late_excel
2018,094,29250,390,75.0,late_excel
2018,095,1772155,23015,77.0,late_excel
2018,971,0,0,,late_excel
2018,972,0,0,,late_excel
2018,973,0,0,,late_excel
2018,974,0,0,,late_excel
2018,976,0,0,,late_excel
2019,001,2719022,34418,79.0,late_excel
2019,002,16987800,184650,92.0,late_excel
2019,002,80,2,40.0,late_excel
2019,002,3840,96,40.0,late_excel
2019,003,2827200,49600,57.0,late_excel
2019,004,75341,2039,36.949975478175574,late_excel
2019,005,97879,2569,38.10003892565201,late_excel
2019,006,416,13,32.0,late_excel
2019,007,75680,1892,40.0,late_excel
2019,008,5382550,64850,83.0,late_excel
2019,009,440040,7720,57.0,late_excel
2019,010,8610000,105000,82.0,late_excel
2019,011,457325,8315,55.0,late_excel
2019,012,816000,16000,51.0,late_excel
2019,013,40902,1203,34.0,late_excel
2019,014,7168800,82400,87.0,late_excel
2019,015,220255,4495,49.0,late_excel
2019,016,4362950,61450,71.0,late_excel
2019,017,7118650,92450,77.0,late_excel
2019,018,7229300,107900,67.0,late_excel
2019,019,198000,3300,60.0,late_excel
2019,021,6807200,101600,67.0,late_excel
2019,022,7528000,94100,80.0,late_excel
2019,023,621000,11500,54.0,late_excel
2019,024,1762200,26700,66.0,late_excel
2019,025,495800,7400,67.0,late_excel
2019,026,945464,18182,52.0,late_excel
2019,027,13338000,148200,90.0,late_excel
2019,028,14056200,164400,85.5,late_excel
2019,029,3800000,50300,75.54671968190856,late_excel
2019,030,90200,2200,41.0,late_excel
2019,031,3293640,52280,63.0,late_excel
2019,032,5958820,96110,62.0,late_excel
2019,033,397120,5840,68.0,late_excel
2019,034,69500,2780,25.0,late_excel
2019,035,7815150,94500,82.7,late_excel
2019,036,7308735,103670,70.5,late_excel
2019,037,7997338,105925,75.50000472032099,late_excel
2019,038,1822340,28036,65.0,late_excel
2019,039,1250600,16900,74.0,late_excel
2019,040,226380,2940,77.0,late_excel
2019,041,6463125,86175,75.0,late_excel
2019,042,487560,9560,51.0,late_excel
2019,043,611550,13590,45.0,late_excel
2019,044,4192520,54237,77.2999981562402,late_excel
2019,045,7431593,97145,76.50000514694528,late_excel
2019,046,498680,9590,52.0,late_excel
2019,047,4493880,59130,76.0,late_excel
2019,048,80195,1865,43.0,late_excel
2019,049,6452772,83477,77.29999880206523,late_excel
2019,050,3309210,39870,83.0,late_excel
2019,051,14859150,167900,88.5,late_excel
2019,052,4488000,66000,68.0,late_excel
2019,053,6357672,79174,80.29999747391821,late_excel
2019,054,4521000,68500,66.0,late_excel
2019,055,6183100,84700,73.0,late_excel
2019,056,4886000,62005,78.80009676638981,late_excel
2019,057,5278500,76500,69.0,late_excel
2019,058,3329900,49700,67.0,late_excel
2019,059,11387800,117400,97.0,late_excel
2019,060,14117740,155140,91.0,late_excel
2019,061,6652450,80150,83.0,late_excel
2019,062,16907940,172530,98.0,late_excel
2019,063,1964600,41800,47.0,late_excel
2019,064,308425,4745,65.0,late_excel
2019,065,382260,5540,69.0,late_excel
2019,066,7875,225,35.0,late_excel
2019,067,2409200,31700,76.0,late_excel
2019,068,1401300,17300,81.0,late_excel
2019,069,641860,9715,66.06896551724138,late_excel
2019,070,2767600,37400,74.0,late_excel
2019,071,2948800,38800,76.0,late_excel
2019,072,7107192,88508,80.29999548063452,late_excel
2019,073,61425,945,65.0,late_excel
2019,074,249473,3831,65.11955103106239,late_excel
2019,076,11332720,115640,98.0,late_excel
2019,077,11760760,133645,88.0,late_excel
2019,078,2950605,33915,87.0,late_excel
2019,079,7713750,102850,75.0,late_excel
2019,080,18287500,192500,95.0,late_excel
2019,081,2602760,41980,62.0,late_excel
2019,082,2813840,41380,68.0,late_excel
2019,083,11818,311,38.0,late_excel
2019,084,55902,2082,26.85014409221902,late_excel
2019,085,6113002,82164,74.40000486831215,late_excel
2019,086,10366980,132910,78.0,late_excel
2019,087,756000,12600,60.0,late_excel
2019,088,1761200,25900,68.0,late_excel
2019,089,8907900,129100,69.0,late_excel
2019,090,232260,2940,79.0,late_excel
2019,091,2645670,30410,87.0,late_excel
2019,092,0,0,,late_excel
2019,093,34760,395,88.0,late_excel
2019,094,40020,460,87.0,late_excel
2019,095,2064040,23455,88.0,late_excel
2019,971,0,0,,late_excel
2019,972,0,0,,late_excel
2019,973,0,0,,late_excel
2019,974,0,0,,late_excel
2019,976,0,0,,late_excel
2020,001,1779200,27800,64.0,late_excel
2020,002,14154000,168500,84.0,late_excel
2020,002,70,2,35.0,late_excel
2020,002,2450,70,35.0,late_excel
2020,003,2350000,47000,50.0,late_excel
2020,004,81540,2265,36.0,late_excel
2020,005,88644,2490,35.6,late_excel
2020,006,240,6,40.0,late_excel
2020,007,68400,1800,38.0,late_excel
2020,008,5031600,59900,84.0,late_excel
2020,009,198450,5670,35.0,late_excel
2020,010,8179600,96800,84.5,late_excel
2020,011,327500,6550,50.0,late_excel
2020,012,634500,14100,45.0,late_excel
2020,013,42364,1190,35.6,late_excel
2020,014,5580190,72470,77.0,late_excel
2020,015,203320,3910,52.0,late_excel
2020,016,2044080,40080,51.0,late_excel
2020,017,3130680,55905,56.0,late_excel
2020,018,4836240,89560,54.0,late_excel
2020,019,112140,2670,42.0,late_excel
2020,021,5475200,92800,59.0,late_excel
2020,022,5151300,73960,69.64981070849107,late_excel
2020,023,492075,10935,45.0,late_excel
2020,024,755640,16792,45.0,late_excel
2020,025,434700,6900,63.0,late_excel
2020,026,920700,17050,54.0,late_excel
2020,027,10642170,138210,77.0,late_excel
2020,028,10455550,149365,70.0,late_excel
2020,029,3048000,43805,69.58109804816802,late_excel
2020,030,66980,1970,34.0,late_excel
2020,031,1597020,36800,43.397282608695654,late_excel
2020,032,3018625,72860,41.430483118309084,late_excel
2020,033,108450,2410,45.0,late_excel
2020,034,122400,3600,34.0,late_excel
2020,035,4445200,68865,64.54948086836565,late_excel
2020,036,4126455,77130,53.5,late_excel
2020,037,4245300,80100,53.0,late_excel
2020,038,1510400,25600,59.0,late_excel
2020,039,1015300,14300,71.0,late_excel
2020,040,56120,1220,46.0,late_excel
2020,041,4122160,73610,56.0,late_excel
2020,042,424320,8840,48.0,late_excel
2020,043,637500,12500,51.0,late_excel
2020,044,2134330,38806,55.0,late_excel
2020,045,4999560,81960,61.0,late_excel
2020,046,321640,7640,42.09947643979058,late_excel
2020,047,2016889,41161,49.0,late_excel
2020,048,81000,1800,45.0,late_excel
2020,049,4091784,70548,58.0,late_excel
2020,050,2443310,33470,73.0,late_excel
2020,051,13923000,154700,90.0,late_excel
2020,052,3835000,59000,65.0,late_excel
2020,053,3978664,65224,61.0,late_excel
2020,054,4256000,60800,70.0,late_excel
2020,055,5502500,77500,71.0,late_excel
2020,056,3282700,48375,67.8594315245478,late_excel
2020,057,4629200,65200,71.0,late_excel
2020,058,2204800,42400,52.0,late_excel
2020,059,9834800,106900,92.0,late_excel
2020,060,11984370,144390,83.0,late_excel
2020,061,4290560,67980,63.11503383348044,late_excel
2020,062,14510860,159460,91.0,late_excel
2020,063,2394220,40580,59.0,late_excel
2020,064,97760,2080,47.0,late_excel
2020,065,110600,3160,35.0,late_excel
2020,066,5700,190,30.0,late_excel
2020,067,2427040,31520,77.0,late_excel
2020,068,1419600,16900,84.0,late_excel
2020,069,497370,8430,59.0,late_excel
2020,070,2399800,33800,71.0,late_excel
2020,071,2307500,35500,65.0,late_excel
2020,072,3884490,71935,54.0,late_excel
2020,073,51870,910,57.0,late_excel
2020,074,196650,3450,57.0,late_excel
2020,076,8996400,107100,84.0,late_excel
2020,077,8800715,114295,77.0,late_excel
2020,078,2158920,29985,72.0,late_excel
2020,079,4217740,79580,53.0,late_excel
2020,080,16753100,184100,91.0,late_excel
2020,081,1699320,34680,49.0,late_excel
2020,082,1289780,28480,45.2872191011236,late_excel
2020,083,16354,442,37.0,late_excel
2020,084,51000,1700,30.0,late_excel
2020,085,2699508,55092,49.0,late_excel
2020,086,5151025,93655,55.0,late_excel
2020,087,436076,10636,41.0,late_excel
2020,088,1638000,23400,70.0,late_excel
2020,089,5951000,108200,55.0,late_excel
2020,090,222600,2650,84.0,late_excel
2020,091,1904040,26445,72.0,late_excel
2020,092,0,0,,late_excel
2020,093,24180,310,78.0,late_excel
2020,094,20520,285,72.0,late_excel
2020,095,1652040,21180,78.0,late_excel
2020,971,0,0,,late_excel
2020,972,0,0,,late_excel
2020,973,0,0,,late_excel
2020,974,0,0,,late_excel
2020,976,0,0,,late_excel
2021,001,2550000,37500,68.0,late_excel
2021,002,15653800,190900,82.0,late_excel
2021,002,130,2,65.0,late_excel
2021,002,6305,97,65.0,late_excel
2021,003,2856500,49250,58.0,late_excel
2021,004,127804,2863,44.639888229130285,late_excel
2021,005,129109,2945,43.84006791171477,late_excel
2021,006,200,10,20.0,late_excel
2021,007,79800,1900,42.0,late_excel
2021,008,5530000,70000,79.0,late_excel
2021,009,357000,7140,50.0,late_excel
2021,010,8776900,111100,79.0,late_excel
2021,011,390570,8310,47.0,late_excel
2021,012,757920,15790,48.0,late_excel
2021,013,71426,1775,40.24,late_excel
2021,014,6154610,79930,77.0,late_excel
2021,015,221850,4350,51.0,late_excel
2021,016,3467430,58770,59.0,late_excel
2021,017,5378065,88165,61.0,late_excel
2021,018,6114750,98625,62.0,late_excel
2021,019,154560,3220,48.0,late_excel
2021,021,6470100,102700,63.0,late_excel
2021,022,6286920,89570,70.19001897956905,late_excel
2021,023,586180,11060,53.0,late_excel
2021,024,1354560,26560,51.0,late_excel
2021,025,408800,7300,56.0,late_excel
2021,026,1083150,18675,58.0,late_excel
2021,027,12345100,150550,82.0,late_excel
2021,028,13372545,161115,83.0,late_excel
2021,029,3504540,50115,69.92996108949416,late_excel
2021,030,95940,2340,41.0,late_excel
2021,031,2550000,51000,50.0,late_excel
2021,032,4129185,87855,47.0,late_excel
2021,033,279760,5380,52.0,late_excel
2021,034,111680,3490,32.0,late_excel
2021,035,7031800,93910,74.87807475242253,late_excel
2021,036,6714070,100210,67.0,late_excel
2021,037,7057040,103780,68.0,late_excel
2021,038,1978020,29970,66.0,late_excel
2021,039,1173680,17260,68.0,late_excel
2021,040,144760,2585,56.0,late_excel
2021,041,5968080,82890,72.0,late_excel
2021,042,578550,10150,57.0,late_excel
2021,043,681720,13110,52.0,late_excel
2021,044,3784032,52556,72.0,late_excel
2021,045,6824040,93480,73.0,late_excel
2021,046,428684,9090,47.15995599559956,late_excel
2021,047,3129500,56900,55.0,late_excel
2021,048,85580,1945,44.0,late_excel
2021,049,5668042,80972,70.00002469989626,late_excel
2021,050,2653000,37900,70.0,late_excel
2021,051,14624290,178345,82.0,late_excel
2021,052,4296500,66100,65.0,late_excel
2021,053,5744735,78695,73.0,late_excel
2021,054,4426240,69160,64.0,late_excel
2021,055,6486000,94000,69.0,late_excel
2021,056,4546510,61170,74.32581330717672,late_excel
2021,057,4992900,75650,66.0,late_excel
2021,058,2797800,46630,60.0,late_excel
2021,059,9569400,116700,82.0,late_excel
2021,060,12690700,152900,83.0,late_excel
2021,061,5702720,80320,71.0,late_excel
2021,062,13648000,170600,80.0,late_excel
2021,063,2374750,41300,57.5,late_excel
2021,064,251100,4650,54.0,late_excel
2021,065,304790,5255,58.0,late_excel
2021,066,7820,230,34.0,late_excel
2021,067,2397600,33300,72.0,late_excel
2021,068,1314000,18000,73.0,late_excel
2021,069,677160,10260,66.0,late_excel
2021,070,2297870,37670,61.0,late_excel
2021,071,2622380,39140,67.0,late_excel
2021,072,6469848,89859,72.0,late_excel
2021,073,83200,1280,65.0,late_excel
2021,074,251550,3870,65.0,late_excel
2021,076,9480900,121550,78.0,late_excel
2021,077,10958490,132030,83.0,late_excel
2021,078,2667200,33340,80.0,late_excel
2021,079,6426000,102000,63.0,late_excel
2021,080,16193300,195100,83.0,late_excel
2021,081,2184750,43695,50.0,late_excel
2021,082,1909920,39790,48.0,late_excel
2021,083,23797,556,42.80035971223022,late_excel
2021,084,77797,2189,35.53997259022385,late_excel
2021,085,5160675,77025,67.0,late_excel
2021,086,8532225,131265,65.0,late_excel
2021,087,635000,12700,50.0,late_excel
2021,088,1534500,24750,62.0,late_excel
2021,089,8238780,124830,66.0,late_excel
2021,090,183000,3000,61.0,late_excel
2021,091,2419875,29875,81.0,late_excel
2021,092,0,0,,late_excel
2021,093,27390,330,83.0,late_excel
2021,094,34830,430,81.0,late_excel
2021,095,1980795,23865,83.0,late_excel
2021,971,0,0,,late_excel
2021,972,0,0,,late_excel
2021,973,0,0,,late_excel
2021,974,0,0,,late_excel
2021,976,0,0,,late_excel
2022,001,2247300,34050,66.0,late_excel
2022,002,15136843,176010,85.99990341457871,late_excel
2022,002,195,3,65.0,late_excel
2022,002,5200,80,65.0,late_excel
2022,003,2042400,44400,46.0,late_excel
2022,004,88973,3189,27.89996864220759,late_excel
2022,005,89151,3339,26.69991015274034,late_excel
2022,006,189,9,21.0,late_excel
2022,007,89100,1980,45.0,late_excel
2022,008,5271000,62750,84.0,late_excel
2022,009,294400,6400,46.0,late_excel
2022,010,8248149,101829,81.0,late_excel
2022,011,286520,7540,38.0,late_excel
2022,012,599040,16640,36.0,late_excel
2022,013,62616,2033,30.799803246433843,late_excel
2022,014,6622000,77000,86.0,late_excel
2022,015,237500,4750,50.0,late_excel
2022,016,2795310,54810,51.0,late_excel
2022,017,4554025,85925,53.0,late_excel
2022,018,5376540,95160,56.5,late_excel
2022,019,149940,3060,49.0,late_excel
2022,021,5598740,96530,58.0,late_excel
2022,022,6966496,90427,77.03999911530848,late_excel
2022,023,575500,11510,50.0,late_excel
2022,024,1059300,24075,44.0,late_excel
2022,025,412160,7360,56.0,late_excel
2022,026,851520,17740,48.0,late_excel
2022,027,12223200,138900,88.0,late_excel
2022,028,12641315,152305,83.0,late_excel
2022,029,3438664,49399,69.60999210510334,late_excel
2022,030,89880,2140,42.0,late_excel
2022,031,1918350,42630,45.0,late_excel
2022,032,3531825,78485,45.0,late_excel
2022,033,251040,5230,48.0,late_excel
2022,034,111475,3185,35.0,late_excel
2022,035,7179199,92171,77.8899979386141,late_excel
2022,036,5496950,94775,58.0,late_excel
2022,037,6203610,98470,63.0,late_excel
2022,038,1474740,27310,54.0,late_excel
2022,039,1096200,15660,70.0,late_excel
2022,040,99820,2170,46.0,late_excel
2022,041,5408760,78960,68.5,late_excel
2022,042,459360,10440,44.0,late_excel
2022,043,448470,13590,33.0,late_excel
2022,044,3693030,51149,72.20141156229839,late_excel
2022,045,6108120,86640,70.5,late_excel
2022,046,395600,8600,46.0,late_excel
2022,047,2921240,52165,56.0,late_excel
2022,048,46310,2105,22.0,late_excel
2022,049,5281568,79782,66.19999498633777,late_excel
2022,050,3060800,38260,80.0,late_excel
2022,051,14007000,161000,87.0,late_excel
2022,052,3803411,62351,61.0,late_excel
2022,053,5906475,78753,75.0,late_excel
2022,054,3793260,63221,60.0,late_excel
2022,055,4901715,75411,65.0,late_excel
2022,056,4563938,61187,74.5899946066975,late_excel
2022,057,4479150,68910,65.0,late_excel
2022,058,2587960,44620,58.0,late_excel
2022,059,10825652,112767,96.00017735685086,late_excel
2022,060,12532525,147441,85.00027129495867,late_excel
2022,061,5881200,75400,78.0,late_excel
2022,062,16120472,167922,95.99976179416633,late_excel
2022,063,2131920,39480,54.0,late_excel
2022,064,188300,3765,50.0132802124834,late_excel
2022,065,191925,4265,45.0,late_excel
2022,066,13275,295,45.0,late_excel
2022,067,2270232,31531,72.0,late_excel
2022,068,1301590,17471,74.5000286188541,late_excel
2022,069,524150,9530,55.0,late_excel
2022,070,2378500,35500,67.0,late_excel
2022,071,2435400,36900,66.0,late_excel
2022,072,5736179,81249,70.59999507686248,late_excel
2022,073,66080,1120,59.0,late_excel
2022,074,234980,3790,62.0,late_excel
2022,076,11025000,112500,98.0,late_excel
2022,077,10320700,121420,85.0,late_excel
2022,078,2629855,31685,83.0,late_excel
2022,079,5209635,98295,53.0,late_excel
2022,080,17464572,189832,92.00014749884107,late_excel
2022,081,1616800,37600,43.0,late_excel
2022,082,1478900,32150,46.0,late_excel
2022,083,10730,436,24.610091743119266,late_excel
2022,084,44973,2197,20.470186618115612,late_excel
2022,085,5139792,76943,66.79999480134646,late_excel
2022,086,6892480,123080,56.0,late_excel
2022,087,581400,12920,45.0,late_excel
2022,088,1559439,24753,63.0,late_excel
2022,089,6861400,118300,58.0,late_excel
2022,090,180900,2700,67.0,late_excel
2022,091,2296140,27335,84.0,late_excel
2022,092,0,0,,late_excel
2022,093,25800,300,86.0,late_excel
2022,094,27300,325,84.0,late_excel
2022,095,1898450,22075,86.0,late_excel
2022,971,0,0,,late_excel
2022,972,0,0,,late_excel
2022,973,0,0,,late_excel
2022,974,0,0,,late_excel
2022,976,0,0,,late_excel
2023,001,2525600,36080,70.0,late_excel
2023,002,15402944,179104,86.0,late_excel
2023,002,120,3,40.0,late_excel
2023,002,2400,60,40.0,late_excel
2023,003,2946000,49100,60.0,late_excel
2023,004,106147,3526,30.10408394781622,late_excel
2023,005,94436,3180,29.69685534591195,late_excel
2023,006,778,31,25.096774193548388,late_excel
2023,007,85500,1900,45.0,late_excel
2023,008,5266200,65500,80.4,late_excel
2023,009,333009,7335,45.4,late_excel
2023,010,8137000,103000,79.0,late_excel
2023,011,398325,8475,47.0,late_excel
2023,012,765164,16634,46.0,late_excel
2023,013,47008,1794,26.202898550724637,late_excel
2023,014,6209600,77620,80.0,late_excel
2023,015,263520,4880,54.0,late_excel
2023,016,3670065,58255,63.0,late_excel
2023,017,5957959,88925,66.99982007309531,late_excel
2023,018,6361875,97875,65.0,late_excel
2023,019,177550,3350,53.0,late_excel
2023,021,5375100,94300,57.0,late_excel
2023,022,6562529,91273,71.90000328684278,late_excel
2023,023,677040,12090,56.0,late_excel
2023,024,1390480,24830,56.0,late_excel
2023,025,465000,7500,62.0,late_excel
2023,026,911600,17200,53.0,late_excel
2023,027,12077120,137240,88.0,late_excel
2023,028,12051990,148790,81.0,late_excel
2023,029,3416415,49016,69.69999591969969,late_excel
2023,030,74520,2070,36.0,late_excel
2023,031,2788240,49790,56.0,late_excel
2023,032,4510890,83535,54.0,late_excel
2023,033,357120,5580,64.0,late_excel
2023,034,80000,3200,25.0,late_excel
2023,035,7390760,93200,79.3,late_excel
2023,036,6488560,95420,68.0,late_excel
2023,037,6816710,96010,71.0,late_excel
2023,038,1779400,28700,62.0,late_excel
2023,039,1183000,16900,70.0,late_excel
2023,040,181120,2830,64.0,late_excel
2023,041,5684400,78950,72.0,late_excel
2023,042,558250,10150,55.0,late_excel
2023,043,712800,13200,54.0,late_excel
2023,044,3687456,51936,71.0,late_excel
2023,045,5984025,86725,69.0,late_excel
2023,046,440850,8817,50.0,late_excel
2023,047,3774000,55500,68.0,late_excel
2023,048,99640,2120,47.0,late_excel
2023,049,5974350,79658,75.0,late_excel
2023,050,2973320,40180,74.0,late_excel
2023,051,14390500,169300,85.0,late_excel
2023,052,3844000,62000,62.0,late_excel
2023,053,6218316,79722,78.0,late_excel
2023,054,3822000,63700,60.0,late_excel
2023,055,5200000,80000,65.0,late_excel
2023,056,4389708,61138,71.7999934574242,late_excel
2023,057,4355000,67000,65.0,late_excel
2023,058,2790000,46500,60.0,late_excel
2023,059,10487908,113999,92.0,late_excel
2023,060,12677088,147408,86.0,late_excel
2023,061,5868910,74290,79.0,late_excel
2023,062,15240168,165654,92.0,late_excel
2023,063,2531100,38350,66.0,late_excel
2023,064,230500,4610,50.0,late_excel
2023,065,305577,5361,57.0,late_excel
2023,066,5100,255,20.0,late_excel
2023,067,2427887,31531,77.0,late_excel
2023,068,1397680,17471,80.0,late_excel
2023,069,640200,9700,66.0,late_excel
2023,070,2400450,36930,65.0,late_excel
2023,071,2648600,38950,68.0,late_excel
2023,072,6673914,85563,78.0,late_excel
2023,073,78120,1260,62.0,late_excel
2023,074,217200,3620,60.0,late_excel
2023,076,9970670,112030,89.0,late_excel
2023,077,10473046,124679,84.00008020596893,late_excel
2023,078,2377869,30881,77.00103623587319,late_excel
2023,079,6576240,99640,66.0,late_excel
2023,080,16790028,188652,89.0,late_excel
2023,081,2324685,42267,55.0,late_excel
2023,082,1999080,37020,54.0,late_excel
2023,083,11892,456,26.07894736842105,late_excel
2023,084,45896,2049,22.39921913128355,late_excel
2023,085,5288360,77770,68.0,late_excel
2023,086,8249710,123130,67.0,late_excel
2023,087,686460,13460,51.0,late_excel
2023,088,1556100,24700,63.0,late_excel
2023,089,7211610,114470,63.0,late_excel
2023,090,195000,3000,65.0,late_excel
2023,091,2193457,27765,79.00079236448767,late_excel
2023,092,0,0,,late_excel
2023,093,25482,303,84.0990099009901,late_excel
2023,094,23885,302,79.08940397350993,late_excel
2023,095,1904677,22675,83.99898566703418,late_excel
2023,971,0,0,,late_excel
2023,972,0,0,,late_excel
2023,973,0,0,,late_excel
2023,974,0,0,,late_excel
2023,976,0,0,,late_excel
2024,001,1499900,28300,53.0,late_excel
2024,002,10090034,162742,62.00018434085854,late_excel
2024,002,135,3,45.0,late_excel
2024,002,2475,55,45.0,late_excel
2024,003,2172170,44330,49.0,late_excel
2024,004,128696,3129,41.130073505912435,late_excel
2024,005,109191,2593,42.109911299652914,late_excel
2024,006,384,13,29.53846153846154,late_excel
2024,007,78120,1860,42.0,late_excel
2024,008,3642100,60500,60.2,late_excel
2024,009,360400,6800,53.0,late_excel
2024,010,6489000,103000,63.0,late_excel
2024,011,399000,7980,50.0,late_excel
2024,012,649030,15830,41.0,late_excel
2024,013,69266,1515,45.72013201320132,late_excel
2024,014,5447750,70750,77.0,late_excel
2024,015,202400,4600,44.0,late_excel
2024,016,2180100,41925,52.0,late_excel
2024,017,3422000,58000,59.0,late_excel
2024,018,5059040,90340,56.0,late_excel
2024,019,101400,2600,39.0,late_excel
2024,021,4679900,88300,53.0,late_excel
2024,022,6074355,87150,69.7,late_excel
2024,023,446000,11150,40.0,late_excel
2024,024,651200,14800,44.0,late_excel
2024,025,312400,7100,44.0,late_excel
2024,026,865280,16640,52.0,late_excel
2024,027,9372100,126650,74.0,late_excel
2024,028,9243920,135940,68.0,late_excel
2024,029,2843160,44080,64.5,late_excel
2024,030,82320,1680,49.0,late_excel
2024,031,2362800,42960,55.0,late_excel
2024,032,2787100,59300,47.0,late_excel
2024,033,96000,2000,48.0,late_excel
2024,034,105995,2465,43.0,late_excel
2024,035,5255013,85129,61.729998003030694,late_excel
2024,036,4637050,84310,55.0,late_excel
2024,037,4719315,82795,57.0,late_excel
2024,038,1402500,25500,55.0,late_excel
2024,039,712400,13700,52.0,late_excel
2024,040,41580,945,44.0,late_excel
2024,041,4358755,71455,61.0,late_excel
2024,042,524160,10080,52.0,late_excel
2024,043,674000,13480,50.0,late_excel
2024,044,1880718,38382,49.0,late_excel
2024,045,4888485,77595,63.0,late_excel
2024,046,300840,6540,46.0,late_excel
2024,047,1547000,30940,50.0,late_excel
2024,048,81890,2155,38.0,late_excel
2024,049,3591448,64133,56.0,late_excel
2024,050,2299080,33810,68.0,late_excel
2024,051,10496600,169300,62.0,late_excel
2024,052,3628800,63000,57.6,late_excel
2024,053,4211700,70195,60.0,late_excel
2024,054,3402000,63000,54.0,late_excel
2024,055,4317500,78500,55.0,late_excel
2024,056,3623787,55554,65.22999243978832,late_excel
2024,057,3575000,65000,55.0,late_excel
2024,058,1982600,43100,46.0,late_excel
2024,059,7212858,96171,75.00034313878405,late_excel
2024,060,9208094,133451,68.99981266532285,late_excel
2024,061,4045520,66320,61.0,late_excel
2024,062,11355022,151400,75.00014531043593,late_excel
2024,063,2427300,39150,62.0,late_excel
2024,064,75825,1685,45.0,late_excel
2024,065,158400,3300,48.0,late_excel
2024,066,4950,275,18.0,late_excel
2024,067,1950000,30000,65.0,late_excel
2024,068,1190000,17000,70.0,late_excel
2024,069,519100,8950,58.0,late_excel
2024,070,1802000,34000,53.0,late_excel
2024,071,1684800,32400,52.0,late_excel
2024,072,3991736,71281,56.0,late_excel
2024,073,60480,1080,56.0,late_excel
2024,074,178410,3130,57.0,late_excel
2024,076,7327946,97706,74.99995906085604,late_excel
2024,077,6568190,109909,59.76025621195716,late_excel
2024,078,1712205,27616,62.000470741599074,late_excel
2024,079,4466000,81200,55.0,late_excel
2024,080,13064431,174192,75.00017796454487,late_excel
2024,081,1992120,38310,52.0,late_excel
2024,082,1129050,25090,45.0,late_excel
2024,083,15720,396,39.696969696969695,late_excel
2024,084,62141,2013,30.86984600099354,late_excel
2024,085,2356896,49102,48.0,late_excel
2024,086,5612880,100230,56.0,late_excel
2024,087,297600,9300,32.0,late_excel
2024,088,1284400,24700,52.0,late_excel
2024,089,5565000,105000,53.0,late_excel
2024,090,137800,2600,53.0,late_excel
2024,091,1562709,24395,64.05857757737242,late_excel
2024,092,0,0,,late_excel
2024,093,15018,228,65.86842105263158,late_excel
2024,094,14195,222,63.94144144144144,late_excel
2024,095,1292113,19646,65.76977501781533,late_excel
2024,971,0,0,,late_excel
2024,972,0,0,,late_excel
2024,973,0,0,,late_excel
2024,974,0,0,,late_excel
2024,976,0,0,,late_excel
