region,eval_year,window,index_type,option_type,decision_frac,n_actual_days,n_forecast_days,n_total_days,actual_index,S,actual_triggered,rev_unhedged,nb_full,idx_xgb,err_xgb,dir_correct_xgb,hedge_xgb,nb_xgb,idx_clim,err_clim,dir_correct_clim,hedge_clim,nb_clim,xgb_advantage
11,2015,MarAprMayJunJul,cat,call,0.0,0,153,153,2225.11,2178.02,True,1449.31,13.45,2236.2,11.09,True,True,13.45,2178.02,-47.09,False,False,0.0,13.45
11,2015,MarAprMayJunJul,cat,call,0.25,38,115,153,2225.11,2178.02,True,1449.31,13.45,2209.83,-15.28,True,True,13.45,2159.19,-65.92,False,False,0.0,13.45
11,2015,MarAprMayJunJul,cat,call,0.5,76,77,153,2225.11,2178.02,True,1449.31,13.45,2241.38,16.27,True,True,13.45,2200.01,-25.1,True,True,13.45,0.0
11,2015,MarAprMayJunJul,cat,call,0.75,114,39,153,2225.11,2178.02,True,1449.31,13.45,2199.97,-25.14,True,True,13.45,2176.27,-48.84,False,False,0.0,13.45
11,2015,MarAprMayJunJul,cat,call,1.0,153,0,153,2225.11,2178.02,True,1449.31,13.45,2225.11,-0.0,True,True,13.45,2225.11,-0.0,True,True,13.45,0.0
24,2015,AprMayJunJul,cat,call,0.0,0,122,122,1997.92,1912.48,True,1212.34,56.56,1978.6,-19.32,True,True,56.56,1912.48,-85.44,False,False,0.0,56.56
24,2015,AprMayJunJul,cat,call,0.25,30,92,122,1997.92,1912.48,True,1212.34,56.56,1993.74,-4.18,True,True,56.56,1940.87,-57.05,True,True,56.56,0.0
24,2015,AprMayJunJul,cat,call,0.5,61,61,122,1997.92,1912.48,True,1212.34,56.56,1973.36,-24.56,True,True,56.56,1936.5,-61.42,True,True,56.56,0.0
24,2015,AprMayJunJul,cat,call,0.75,91,31,122,1997.92,1912.48,True,1212.34,56.56,1979.83,-18.09,True,True,56.56,1950.65,-47.27,True,True,56.56,0.0
24,2015,AprMayJunJul,cat,call,1.0,122,0,122,1997.92,1912.48,True,1212.34,56.56,1997.92,-0.0,True,True,56.56,1997.92,-0.0,True,True,56.56,0.0
27,2015,Feb,cat,put,0.0,0,28,28,78.56,104.48,True,1085.59,-2.43,112.85,34.29,False,False,0.0,103.12,24.56,True,True,-2.43,2.43
27,2015,Feb,cat,put,0.25,7,21,28,78.56,104.48,True,1085.59,-2.43,90.65,12.09,True,True,-2.43,79.49,0.93,True,True,-2.43,0.0
27,2015,Feb,cat,put,0.5,14,14,28,78.56,104.48,True,1085.59,-2.43,88.26,9.7,True,True,-2.43,80.23,1.67,True,True,-2.43,0.0
27,2015,Feb,cat,put,0.75,21,7,28,78.56,104.48,True,1085.59,-2.43,85.98,7.42,True,True,-2.43,83.03,4.47,True,True,-2.43,0.0
27,2015,Feb,cat,put,1.0,28,0,28,78.56,104.48,True,1085.59,-2.43,78.56,-0.0,True,True,-2.43,78.56,-0.0,True,True,-2.43,0.0
28,2015,MayJunJul,hdd,put,0.0,0,92,92,279.03,263.91,False,1519.21,-5.85,246.56,-32.47,False,True,-5.85,234.86,-44.17,False,True,-5.85,0.0
28,2015,MayJunJul,hdd,put,0.25,23,69,92,279.03,263.91,False,1519.21,-5.85,248.79,-30.24,False,True,-5.85,241.47,-37.56,False,True,-5.85,0.0
28,2015,MayJunJul,hdd,put,0.5,46,46,92,279.03,263.91,False,1519.21,-5.85,256.75,-22.28,False,True,-5.85,251.8,-27.23,False,True,-5.85,0.0
28,2015,MayJunJul,hdd,put,0.75,69,23,92,279.03,263.91,False,1519.21,-5.85,255.73,-23.3,False,True,-5.85,258.35,-20.68,False,True,-5.85,0.0
28,2015,MayJunJul,hdd,put,1.0,92,0,92,279.03,263.91,False,1519.21,-5.85,279.03,0.0,True,False,0.0,279.03,0.0,True,False,0.0,0.0
32,2015,AprMayJun,cat,call,0.0,0,91,91,1172.93,1182.6,False,1576.22,-44.76,1205.42,32.49,False,True,-44.76,1203.8,30.87,False,True,-44.76,0.0
32,2015,AprMayJun,cat,call,0.25,22,69,91,1172.93,1182.6,False,1576.22,-44.76,1214.42,41.49,False,True,-44.76,1217.35,44.42,False,True,-44.76,0.0
32,2015,AprMayJun,cat,call,0.5,45,46,91,1172.93,1182.6,False,1576.22,-44.76,1214.29,41.36,False,True,-44.76,1208.48,35.55,False,True,-44.76,0.0
32,2015,AprMayJun,cat,call,0.75,68,23,91,1172.93,1182.6,False,1576.22,-44.76,1180.38,7.45,True,False,0.0,1179.04,6.11,True,False,0.0,0.0
32,2015,AprMayJun,cat,call,1.0,91,0,91,1172.93,1182.6,False,1576.22,-44.76,1172.93,-0.0,True,False,0.0,1172.93,-0.0,True,False,0.0,0.0
44,2015,Mar,cat,call,0.0,0,31,31,210.72,210.34,True,1172.99,-58.7,220.05,9.33,True,True,-58.7,210.34,-0.38,True,True,-58.7,0.0
44,2015,Mar,cat,call,0.25,7,24,31,210.72,210.34,True,1172.99,-58.7,217.46,6.74,True,True,-58.7,217.31,6.59,True,True,-58.7,0.0
44,2015,Mar,cat,call,0.5,15,16,31,210.72,210.34,True,1172.99,-58.7,213.63,2.91,True,True,-58.7,214.58,3.86,True,True,-58.7,0.0
44,2015,Mar,cat,call,0.75,23,8,31,210.72,210.34,True,1172.99,-58.7,213.8,3.08,True,True,-58.7,211.89,1.17,True,True,-58.7,0.0
44,2015,Mar,cat,call,1.0,31,0,31,210.72,210.34,True,1172.99,-58.7,210.72,0.0,True,True,-58.7,210.72,0.0,True,True,-58.7,0.0
52,2015,FebMarAprMayJunJul,cat,call,0.0,0,181,181,2371.62,2358.86,True,1146.74,-22.05,2431.0,59.38,True,True,-22.05,2358.86,-12.76,False,False,0.0,-22.05
52,2015,FebMarAprMayJunJul,cat,call,0.25,45,136,181,2371.62,2358.86,True,1146.74,-22.05,2372.57,0.95,True,True,-22.05,2336.65,-34.97,False,False,0.0,-22.05
52,2015,FebMarAprMayJunJul,cat,call,0.5,90,91,181,2371.62,2358.86,True,1146.74,-22.05,2401.21,29.59,True,True,-22.05,2367.95,-3.67,True,True,-22.05,0.0
52,2015,FebMarAprMayJunJul,cat,call,0.75,135,46,181,2371.62,2358.86,True,1146.74,-22.05,2372.63,1.01,True,True,-22.05,2352.92,-18.7,False,False,0.0,-22.05
52,2015,FebMarAprMayJunJul,cat,call,1.0,181,0,181,2371.62,2358.86,True,1146.74,-22.05,2371.62,0.0,True,True,-22.05,2371.62,0.0,True,True,-22.05,0.0
53,2015,Jul,cat,put,0.0,0,31,31,545.68,545.54,False,1258.79,-43.11,563.49,17.81,True,False,0.0,545.54,-0.14,True,False,0.0,0.0
53,2015,Jul,cat,put,0.25,7,24,31,545.68,545.54,False,1258.79,-43.11,570.34,24.66,True,False,0.0,556.91,11.23,True,False,0.0,0.0
53,2015,Jul,cat,put,0.5,15,16,31,545.68,545.54,False,1258.79,-43.11,569.91,24.23,True,False,0.0,563.13,17.45,True,False,0.0,0.0
53,2015,Jul,cat,put,0.75,23,8,31,545.68,545.54,False,1258.79,-43.11,569.05,23.37,True,False,0.0,566.84,21.16,True,False,0.0,0.0
53,2015,Jul,cat,put,1.0,31,0,31,545.68,545.54,False,1258.79,-43.11,545.68,0.0,True,False,0.0,545.68,0.0,True,False,0.0,0.0
11,2016,MarAprMayJunJul,cat,call,0.0,0,153,153,2023.6,2180.96,False,790.62,-39.83,2225.43,201.83,False,True,-39.83,2180.96,157.36,False,True,-39.83,0.0
11,2016,MarAprMayJunJul,cat,call,0.25,38,115,153,2023.6,2180.96,False,790.62,-39.83,2179.55,155.95,True,False,0.0,2135.51,111.91,True,False,0.0,0.0
11,2016,MarAprMayJunJul,cat,call,0.5,76,77,153,2023.6,2180.96,False,790.62,-39.83,2120.13,96.53,True,False,0.0,2080.92,57.32,True,False,0.0,0.0
11,2016,MarAprMayJunJul,cat,call,0.75,114,39,153,2023.6,2180.96,False,790.62,-39.83,2038.59,14.99,True,False,0.0,2016.56,-7.04,True,False,0.0,0.0
11,2016,MarAprMayJunJul,cat,call,1.0,153,0,153,2023.6,2180.96,False,790.62,-39.83,2023.6,0.0,True,False,0.0,2023.6,0.0,True,False,0.0,0.0
24,2016,AprMayJunJul,cat,call,0.0,0,122,122,1777.73,1917.82,False,570.71,-34.92,1922.27,144.54,False,True,-34.92,1917.82,140.09,True,False,0.0,-34.92
24,2016,AprMayJunJul,cat,call,0.25,30,92,122,1777.73,1917.82,False,570.71,-34.92,1868.26,90.53,True,False,0.0,1861.15,83.42,True,False,0.0,0.0
24,2016,AprMayJunJul,cat,call,0.5,61,61,122,1777.73,1917.82,False,570.71,-34.92,1829.87,52.14,True,False,0.0,1823.51,45.78,True,False,0.0,0.0
24,2016,AprMayJunJul,cat,call,0.75,91,31,122,1777.73,1917.82,False,570.71,-34.92,1788.94,11.21,True,False,0.0,1775.05,-2.68,True,False,0.0,0.0
24,2016,AprMayJunJul,cat,call,1.0,122,0,122,1777.73,1917.82,False,570.71,-34.92,1777.73,0.0,True,False,0.0,1777.73,0.0,True,False,0.0,0.0
27,2016,FebMarApr,cat,put,0.0,0,89,89,618.71,633.04,True,797.52,-22.18,648.36,29.65,False,False,0.0,656.08,37.37,False,False,0.0,0.0
27,2016,FebMarApr,cat,put,0.25,22,67,89,618.71,633.04,True,797.52,-22.18,693.87,75.16,False,False,0.0,713.06,94.35,False,False,0.0,0.0
27,2016,FebMarApr,cat,put,0.5,44,45,89,618.71,633.04,True,797.52,-22.18,655.86,37.15,False,False,0.0,676.22,57.51,False,False,0.0,0.0
27,2016,FebMarApr,cat,put,0.75,66,23,89,618.71,633.04,True,797.52,-22.18,663.47,44.76,False,False,0.0,669.27,50.56,False,False,0.0,0.0
27,2016,FebMarApr,cat,put,1.0,89,0,89,618.71,633.04,True,797.52,-22.18,618.71,0.0,True,True,-22.18,618.71,0.0,True,True,-22.18,0.0
28,2016,MayJunJul,hdd,put,0.0,0,92,92,280.49,264.86,False,1021.18,-7.63,250.6,-29.89,False,True,-7.63,234.71,-45.78,False,True,-7.63,0.0
28,2016,MayJunJul,hdd,put,0.25,23,69,92,280.49,264.86,False,1021.18,-7.63,244.1,-36.39,False,True,-7.63,233.82,-46.67,False,True,-7.63,0.0
28,2016,MayJunJul,hdd,put,0.5,46,46,92,280.49,264.86,False,1021.18,-7.63,256.13,-24.36,False,True,-7.63,249.35,-31.14,False,True,-7.63,0.0
28,2016,MayJunJul,hdd,put,0.75,69,23,92,280.49,264.86,False,1021.18,-7.63,270.51,-9.98,True,False,0.0,272.98,-7.51,True,False,0.0,0.0
28,2016,MayJunJul,hdd,put,1.0,92,0,92,280.49,264.86,False,1021.18,-7.63,280.49,0.0,True,False,0.0,280.49,0.0,True,False,0.0,0.0
32,2016,AprMayJun,cat,call,0.0,0,91,91,1128.55,1180.99,False,932.86,-41.52,1198.87,70.32,False,True,-41.52,1201.88,73.33,False,True,-41.52,0.0
32,2016,AprMayJun,cat,call,0.25,22,69,91,1128.55,1180.99,False,932.86,-41.52,1191.87,63.32,False,True,-41.52,1197.17,68.62,False,True,-41.52,0.0
32,2016,AprMayJun,cat,call,0.5,45,46,91,1128.55,1180.99,False,932.86,-41.52,1168.73,40.18,True,False,0.0,1164.07,35.52,True,False,0.0,0.0
32,2016,AprMayJun,cat,call,0.75,68,23,91,1128.55,1180.99,False,932.86,-41.52,1140.56,12.01,True,False,0.0,1140.3,11.75,True,False,0.0,0.0
32,2016,AprMayJun,cat,call,1.0,91,0,91,1128.55,1180.99,False,932.86,-41.52,1128.55,-0.0,True,False,0.0,1128.55,-0.0,True,False,0.0,0.0
44,2016,Mar,cat,call,0.0,0,31,31,165.84,210.37,False,685.21,-57.71,213.85,48.01,False,True,-57.71,210.37,44.53,True,False,0.0,-57.71
44,2016,Mar,cat,call,0.25,7,24,31,165.84,210.37,False,685.21,-57.71,203.24,37.4,True,False,0.0,203.32,37.48,True,False,0.0,0.0
44,2016,Mar,cat,call,0.5,15,16,31,165.84,210.37,False,685.21,-57.71,181.57,15.73,True,False,0.0,182.69,16.85,True,False,0.0,0.0
44,2016,Mar,cat,call,0.75,23,8,31,165.84,210.37,False,685.21,-57.71,165.04,-0.8,True,False,0.0,163.26,-2.58,True,False,0.0,0.0
44,2016,Mar,cat,call,1.0,31,0,31,165.84,210.37,False,685.21,-57.71,165.84,-0.0,True,False,0.0,165.84,-0.0,True,False,0.0,0.0
52,2016,FebMarAprMayJunJul,cat,call,0.0,0,181,181,2261.45,2359.66,False,985.93,-34.01,2396.56,135.11,False,True,-34.01,2359.66,98.21,True,False,0.0,-34.01
52,2016,FebMarAprMayJunJul,cat,call,0.25,45,136,181,2261.45,2359.66,False,985.93,-34.01,2384.08,122.63,False,True,-34.01,2369.93,108.48,False,True,-34.01,0.0
52,2016,FebMarAprMayJunJul,cat,call,0.5,90,91,181,2261.45,2359.66,False,985.93,-34.01,2323.51,62.06,True,False,0.0,2303.9,42.45,True,False,0.0,0.0
52,2016,FebMarAprMayJunJul,cat,call,0.75,135,46,181,2261.45,2359.66,False,985.93,-34.01,2300.15,38.7,True,False,0.0,2286.69,25.24,True,False,0.0,0.0
52,2016,FebMarAprMayJunJul,cat,call,1.0,181,0,181,2261.45,2359.66,False,985.93,-34.01,2261.45,0.0,True,False,0.0,2261.45,0.0,True,False,0.0,0.0
53,2016,May,cat,call,0.0,0,31,31,407.61,406.85,True,1080.61,-10.9,420.07,12.46,True,True,-10.9,406.85,-0.76,False,False,0.0,-10.9
53,2016,May,cat,call,0.25,7,24,31,407.61,406.85,True,1080.61,-10.9,412.99,5.38,True,True,-10.9,401.56,-6.05,False,False,0.0,-10.9
53,2016,May,cat,call,0.5,15,16,31,407.61,406.85,True,1080.61,-10.9,422.47,14.86,True,True,-10.9,413.88,6.27,True,True,-10.9,0.0
53,2016,May,cat,call,0.75,23,8,31,407.61,406.85,True,1080.61,-10.9,412.27,4.66,True,True,-10.9,408.11,0.5,True,True,-10.9,0.0
53,2016,May,cat,call,1.0,31,0,31,407.61,406.85,True,1080.61,-10.9,407.61,-0.0,True,True,-10.9,407.61,-0.0,True,True,-10.9,0.0
11,2017,MayJun,cat,call,0.0,0,61,61,1077.95,982.48,True,1313.83,104.24,1000.38,-77.57,True,True,104.24,982.48,-95.47,False,False,0.0,104.24
11,2017,MayJun,cat,call,0.25,15,46,61,1077.95,982.48,True,1313.83,104.24,983.02,-94.93,True,True,104.24,966.18,-111.77,False,False,0.0,104.24
11,2017,MayJun,cat,call,0.5,30,31,61,1077.95,982.48,True,1313.83,104.24,1026.47,-51.48,True,True,104.24,1017.67,-60.28,True,True,104.24,0.0
11,2017,MayJun,cat,call,0.75,45,16,61,1077.95,982.48,True,1313.83,104.24,1035.01,-42.94,True,True,104.24,1031.8,-46.15,True,True,104.24,0.0
11,2017,MayJun,cat,call,1.0,61,0,61,1077.95,982.48,True,1313.83,104.24,1077.95,-0.0,True,True,104.24,1077.95,-0.0,True,True,104.24,0.0
24,2017,MayJun,cat,call,0.0,0,61,61,1052.34,976.71,True,1110.25,61.69,1006.04,-46.3,True,True,61.69,976.71,-75.63,False,False,0.0,61.69
24,2017,MayJun,cat,call,0.25,15,46,61,1052.34,976.71,True,1110.25,61.69,980.69,-71.65,True,True,61.69,956.07,-96.27,False,False,0.0,61.69
24,2017,MayJun,cat,call,0.5,30,31,61,1052.34,976.71,True,1110.25,61.69,1011.78,-40.56,True,True,61.69,1000.09,-52.25,True,True,61.69,0.0
24,2017,MayJun,cat,call,0.75,45,16,61,1052.34,976.71,True,1110.25,61.69,1017.45,-34.89,True,True,61.69,1012.91,-39.43,True,True,61.69,0.0
24,2017,MayJun,cat,call,1.0,61,0,61,1052.34,976.71,True,1110.25,61.69,1052.34,-0.0,True,True,61.69,1052.34,-0.0,True,True,61.69,0.0
27,2017,MarAprMay,hdd,call,0.0,0,92,92,627.29,698.69,False,1289.78,-45.87,674.17,46.88,True,False,0.0,654.92,27.63,True,False,0.0,0.0
27,2017,MarAprMay,hdd,call,0.25,23,69,92,627.29,698.69,False,1289.78,-45.87,620.58,-6.71,True,False,0.0,604.25,-23.04,True,False,0.0,0.0
27,2017,MarAprMay,hdd,call,0.5,46,46,92,627.29,698.69,False,1289.78,-45.87,565.43,-61.86,True,False,0.0,554.11,-73.18,True,False,0.0,0.0
27,2017,MarAprMay,hdd,call,0.75,69,23,92,627.29,698.69,False,1289.78,-45.87,646.82,19.53,True,False,0.0,645.21,17.92,True,False,0.0,0.0
27,2017,MarAprMay,hdd,call,1.0,92,0,92,627.29,698.69,False,1289.78,-45.87,627.29,-0.0,True,False,0.0,627.29,-0.0,True,False,0.0,0.0
28,2017,MayJunJul,hdd,put,0.0,0,92,92,185.83,265.78,True,1509.88,0.0,247.19,61.36,True,True,0.0,236.41,50.58,True,True,0.0,0.0
28,2017,MayJunJul,hdd,put,0.25,23,69,92,185.83,265.78,True,1509.88,0.0,234.11,48.28,True,True,0.0,227.66,41.83,True,True,0.0,0.0
28,2017,MayJunJul,hdd,put,0.5,46,46,92,185.83,265.78,True,1509.88,0.0,190.81,4.98,True,True,0.0,185.7,-0.13,True,True,0.0,0.0
28,2017,MayJunJul,hdd,put,0.75,69,23,92,185.83,265.78,True,1509.88,0.0,173.43,-12.4,True,True,0.0,175.91,-9.92,True,True,0.0,0.0
28,2017,MayJunJul,hdd,put,1.0,92,0,92,185.83,265.78,True,1509.88,0.0,185.83,0.0,True,True,0.0,185.83,0.0,True,True,0.0,0.0
32,2017,MayJun,cat,call,0.0,0,61,61,1008.2,874.7,True,1407.31,0.0,901.98,-106.22,True,True,0.0,894.77,-113.43,True,True,0.0,0.0
32,2017,MayJun,cat,call,0.25,15,46,61,1008.2,874.7,True,1407.31,0.0,890.73,-117.47,True,True,0.0,881.25,-126.95,True,True,0.0,0.0
32,2017,MayJun,cat,call,0.5,30,31,61,1008.2,874.7,True,1407.31,0.0,943.27,-64.93,True,True,0.0,938.33,-69.87,True,True,0.0,0.0
32,2017,MayJun,cat,call,0.75,45,16,61,1008.2,874.7,True,1407.31,0.0,961.73,-46.47,True,True,0.0,960.7,-47.5,True,True,0.0,0.0
32,2017,MayJun,cat,call,1.0,61,0,61,1008.2,874.7,True,1407.31,0.0,1008.2,0.0,True,True,0.0,1008.2,0.0,True,True,0.0,0.0
44,2017,Mar,cat,call,0.0,0,31,31,282.4,207.75,True,1014.42,155.61,222.1,-60.3,True,True,155.61,207.75,-74.65,False,False,0.0,155.61
44,2017,Mar,cat,call,0.25,7,24,31,282.4,207.75,True,1014.42,155.61,230.74,-51.66,True,True,155.61,226.4,-56.0,True,True,155.61,0.0
44,2017,Mar,cat,call,0.5,15,16,31,282.4,207.75,True,1014.42,155.61,245.08,-37.32,True,True,155.61,243.74,-38.66,True,True,155.61,0.0
44,2017,Mar,cat,call,0.75,23,8,31,282.4,207.75,True,1014.42,155.61,258.98,-23.42,True,True,155.61,256.62,-25.78,True,True,155.61,0.0
44,2017,Mar,cat,call,1.0,31,0,31,282.4,207.75,True,1014.42,155.61,282.4,-0.0,True,True,155.61,282.4,-0.0,True,True,155.61,0.0
52,2017,FebMarAprMayJunJul,cat,call,0.0,0,181,181,2557.72,2353.88,True,1132.63,120.43,2388.33,-169.39,True,True,120.43,2353.88,-203.84,False,False,0.0,120.43
52,2017,FebMarAprMayJunJul,cat,call,0.25,45,136,181,2557.72,2353.88,True,1132.63,120.43,2449.08,-108.64,True,True,120.43,2439.92,-117.8,True,True,120.43,0.0
52,2017,FebMarAprMayJunJul,cat,call,0.5,90,91,181,2557.72,2353.88,True,1132.63,120.43,2452.77,-104.95,True,True,120.43,2438.31,-119.41,True,True,120.43,0.0
52,2017,FebMarAprMayJunJul,cat,call,0.75,135,46,181,2557.72,2353.88,True,1132.63,120.43,2508.76,-48.96,True,True,120.43,2499.1,-58.62,True,True,120.43,0.0
52,2017,FebMarAprMayJunJul,cat,call,1.0,181,0,181,2557.72,2353.88,True,1132.63,120.43,2557.72,-0.0,True,True,120.43,2557.72,-0.0,True,True,120.43,0.0
53,2017,May,cat,call,0.0,0,31,31,446.85,406.89,True,1228.3,42.61,416.77,-30.08,True,True,42.61,406.89,-39.96,True,True,42.61,0.0
53,2017,May,cat,call,0.25,7,24,31,446.85,406.89,True,1228.3,42.61,414.36,-32.49,True,True,42.61,405.82,-41.03,False,False,0.0,42.61
53,2017,May,cat,call,0.5,15,16,31,446.85,406.89,True,1228.3,42.61,418.68,-28.17,True,True,42.61,411.42,-35.43,True,True,42.61,0.0
53,2017,May,cat,call,0.75,23,8,31,446.85,406.89,True,1228.3,42.61,419.24,-27.61,True,True,42.61,415.9,-30.95,True,True,42.61,0.0
53,2017,May,cat,call,1.0,31,0,31,446.85,406.89,True,1228.3,42.61,446.85,0.0,True,True,42.61,446.85,0.0,True,True,42.61,0.0
11,2018,May,hdd,put,0.0,0,31,31,80.95,117.21,True,1232.67,0.0,98.21,17.26,True,True,0.0,108.61,27.66,True,True,0.0,0.0
11,2018,May,hdd,put,0.25,7,24,31,80.95,117.21,True,1232.67,0.0,98.04,17.09,True,True,0.0,105.36,24.41,True,True,0.0,0.0
11,2018,May,hdd,put,0.5,15,16,31,80.95,117.21,True,1232.67,0.0,95.5,14.55,True,True,0.0,103.07,22.12,True,True,0.0,0.0
11,2018,May,hdd,put,0.75,23,8,31,80.95,117.21,True,1232.67,0.0,95.52,14.57,True,True,0.0,98.12,17.17,True,True,0.0,0.0
11,2018,May,hdd,put,1.0,31,0,31,80.95,117.21,True,1232.67,0.0,80.95,-0.0,True,True,0.0,80.95,-0.0,True,True,0.0,0.0
24,2018,MayJun,hdd,put,0.0,0,61,61,104.06,163.65,True,1108.98,18.04,126.87,22.81,True,True,18.04,131.48,27.42,True,True,18.04,0.0
24,2018,MayJun,hdd,put,0.25,15,46,61,104.06,163.65,True,1108.98,18.04,124.86,20.8,True,True,18.04,129.99,25.93,True,True,18.04,0.0
24,2018,MayJun,hdd,put,0.5,30,31,61,104.06,163.65,True,1108.98,18.04,104.83,0.77,True,True,18.04,105.68,1.62,True,True,18.04,0.0
24,2018,MayJun,hdd,put,0.75,45,16,61,104.06,163.65,True,1108.98,18.04,97.98,-6.08,True,True,18.04,98.28,-5.78,True,True,18.04,0.0
24,2018,MayJun,hdd,put,1.0,61,0,61,104.06,163.65,True,1108.98,18.04,104.06,-0.0,True,True,18.04,104.06,-0.0,True,True,18.04,0.0
27,2018,MarAprMay,hdd,call,0.0,0,92,92,581.47,686.79,False,1038.54,-55.76,667.93,86.46,True,False,0.0,652.21,70.74,True,False,0.0,0.0
27,2018,MarAprMay,hdd,call,0.25,23,69,92,581.47,686.79,False,1038.54,-55.76,678.88,97.41,True,False,0.0,666.66,85.19,True,False,0.0,0.0
27,2018,MarAprMay,hdd,call,0.5,46,46,92,581.47,686.79,False,1038.54,-55.76,658.84,77.37,True,False,0.0,652.79,71.32,True,False,0.0,0.0
27,2018,MarAprMay,hdd,call,0.75,69,23,92,581.47,686.79,False,1038.54,-55.76,599.02,17.55,True,False,0.0,596.5,15.03,True,False,0.0,0.0
27,2018,MarAprMay,hdd,call,1.0,92,0,92,581.47,686.79,False,1038.54,-55.76,581.47,0.0,True,False,0.0,581.47,0.0,True,False,0.0,0.0
28,2018,Jan,cat,call,0.0,0,31,31,226.09,164.2,True,1363.75,93.52,192.15,-33.94,True,True,93.52,164.2,-61.89,True,True,93.52,0.0
28,2018,Jan,cat,call,0.25,7,24,31,226.09,164.2,True,1363.75,93.52,203.18,-22.91,True,True,93.52,183.13,-42.96,True,True,93.52,0.0
28,2018,Jan,cat,call,0.5,15,16,31,226.09,164.2,True,1363.75,93.52,196.8,-29.29,True,True,93.52,180.97,-45.12,True,True,93.52,0.0
28,2018,Jan,cat,call,0.75,23,8,31,226.09,164.2,True,1363.75,93.52,210.86,-15.23,True,True,93.52,200.71,-25.38,True,True,93.52,0.0
28,2018,Jan,cat,call,1.0,31,0,31,226.09,164.2,True,1363.75,93.52,226.09,0.0,True,True,93.52,226.09,0.0,True,True,93.52,0.0
32,2018,FebMarAprMay,cat,call,0.0,0,120,120,1063.03,1024.01,True,1342.53,0.0,1092.9,29.87,True,True,0.0,1069.47,6.44,True,True,0.0,0.0
32,2018,FebMarAprMay,cat,call,0.25,30,90,120,1063.03,1024.01,True,1342.53,0.0,984.2,-78.83,False,False,0.0,976.17,-86.86,False,False,0.0,0.0
32,2018,FebMarAprMay,cat,call,0.5,60,60,120,1063.03,1024.01,True,1342.53,0.0,956.19,-106.84,False,False,0.0,947.74,-115.29,False,False,0.0,0.0
32,2018,FebMarAprMay,cat,call,0.75,90,30,120,1063.03,1024.01,True,1342.53,0.0,1017.45,-45.58,False,False,0.0,1013.58,-49.45,False,False,0.0,0.0
32,2018,FebMarAprMay,cat,call,1.0,120,0,120,1063.03,1024.01,True,1342.53,0.0,1063.03,0.0,True,True,0.0,1063.03,0.0,True,True,0.0,0.0
44,2018,Mar,cat,call,0.0,0,31,31,170.54,211.89,False,1020.57,-43.31,222.57,52.03,False,True,-43.31,211.89,41.35,False,True,-43.31,0.0
44,2018,Mar,cat,call,0.25,7,24,31,170.54,211.89,False,1020.57,-43.31,205.74,35.2,True,False,0.0,204.22,33.68,True,False,0.0,0.0
44,2018,Mar,cat,call,0.5,15,16,31,170.54,211.89,False,1020.57,-43.31,224.24,53.7,False,True,-43.31,224.93,54.39,False,True,-43.31,0.0
44,2018,Mar,cat,call,0.75,23,8,31,170.54,211.89,False,1020.57,-43.31,184.12,13.58,True,False,0.0,183.17,12.63,True,False,0.0,0.0
44,2018,Mar,cat,call,1.0,31,0,31,170.54,211.89,False,1020.57,-43.31,170.54,0.0,True,False,0.0,170.54,0.0,True,False,0.0,0.0
52,2018,FebMarAprMayJunJul,cat,call,0.0,0,181,181,2479.21,2365.2,True,908.06,37.16,2434.81,-44.4,True,True,37.16,2365.2,-114.01,True,True,37.16,0.0
52,2018,FebMarAprMayJunJul,cat,call,0.25,45,136,181,2479.21,2365.2,True,908.06,37.16,2344.92,-134.29,False,False,0.0,2307.92,-171.29,False,False,0.0,0.0
52,2018,FebMarAprMayJunJul,cat,call,0.5,90,91,181,2479.21,2365.2,True,908.06,37.16,2348.87,-130.34,False,False,0.0,2317.56,-161.65,False,False,0.0,0.0
52,2018,FebMarAprMayJunJul,cat,call,0.75,135,46,181,2479.21,2365.2,True,908.06,37.16,2399.33,-79.88,True,True,37.16,2380.91,-98.3,True,True,37.16,0.0
52,2018,FebMarAprMayJunJul,cat,call,1.0,181,0,181,2479.21,2365.2,True,908.06,37.16,2479.21,-0.0,True,True,37.16,2479.21,-0.0,True,True,37.16,0.0
53,2018,May,cat,call,0.0,0,31,31,428.65,409.11,True,1097.64,0.0,423.25,-5.4,True,True,0.0,409.11,-19.54,True,True,0.0,0.0
53,2018,May,cat,call,0.25,7,24,31,428.65,409.11,True,1097.64,0.0,422.95,-5.7,True,True,0.0,411.64,-17.01,True,True,0.0,0.0
53,2018,May,cat,call,0.5,15,16,31,428.65,409.11,True,1097.64,0.0,408.04,-20.61,False,False,0.0,399.35,-29.3,False,False,0.0,0.0
53,2018,May,cat,call,0.75,23,8,31,428.65,409.11,True,1097.64,0.0,411.34,-17.31,True,True,0.0,408.01,-20.64,False,False,0.0,0.0
53,2018,May,cat,call,1.0,31,0,31,428.65,409.11,True,1097.64,0.0,428.65,-0.0,True,True,0.0,428.65,-0.0,True,True,0.0,0.0
11,2019,May,hdd,put,0.0,0,31,31,154.65,115.3,False,1409.1,0.0,94.86,-59.79,False,True,0.0,105.89,-48.76,False,True,0.0,0.0
11,2019,May,hdd,put,0.25,7,24,31,154.65,115.3,False,1409.1,0.0,124.09,-30.56,True,False,0.0,131.61,-23.04,True,False,0.0,0.0
11,2019,May,hdd,put,0.5,15,16,31,154.65,115.3,False,1409.1,0.0,142.84,-11.81,True,False,0.0,149.94,-4.71,True,False,0.0,0.0
11,2019,May,hdd,put,0.75,23,8,31,154.65,115.3,False,1409.1,0.0,152.61,-2.04,True,False,0.0,154.12,-0.53,True,False,0.0,0.0
11,2019,May,hdd,put,1.0,31,0,31,154.65,115.3,False,1409.1,0.0,154.65,0.0,True,False,0.0,154.65,0.0,True,False,0.0,0.0
24,2019,MayJun,cat,call,0.0,0,61,61,973.31,984.82,False,1227.98,-14.06,1012.36,39.05,False,True,-14.06,984.82,11.51,False,True,-14.06,0.0
24,2019,MayJun,cat,call,0.25,15,46,61,973.31,984.82,False,1227.98,-14.06,965.15,-8.16,True,False,0.0,944.71,-28.6,True,False,0.0,0.0
24,2019,MayJun,cat,call,0.5,30,31,61,973.31,984.82,False,1227.98,-14.06,945.82,-27.49,True,False,0.0,935.46,-37.85,True,False,0.0,0.0
24,2019,MayJun,cat,call,0.75,45,16,61,973.31,984.82,False,1227.98,-14.06,925.41,-47.9,True,False,0.0,921.7,-51.61,True,False,0.0,0.0
24,2019,MayJun,cat,call,1.0,61,0,61,973.31,984.82,False,1227.98,-14.06,973.31,-0.0,True,False,0.0,973.31,-0.0,True,False,0.0,0.0
27,2019,JanFebMarAprMay,cdd,put,0.0,0,151,151,0.0,11.73,True,1263.15,82.7,0.0,0.0,True,True,82.7,0.0,0.0,True,True,82.7,0.0
27,2019,JanFebMarAprMay,cdd,put,0.25,37,114,151,0.0,11.73,True,1263.15,82.7,0.0,0.0,True,True,82.7,0.0,0.0,True,True,82.7,0.0
27,2019,JanFebMarAprMay,cdd,put,0.5,75,76,151,0.0,11.73,True,1263.15,82.7,0.0,0.0,True,True,82.7,0.0,0.0,True,True,82.7,0.0
27,2019,JanFebMarAprMay,cdd,put,0.75,113,38,151,0.0,11.73,True,1263.15,82.7,0.0,0.0,True,True,82.7,0.0,0.0,True,True,82.7,0.0
27,2019,JanFebMarAprMay,cdd,put,1.0,151,0,151,0.0,11.73,True,1263.15,82.7,0.0,0.0,True,True,82.7,0.0,0.0,True,True,82.7,0.0
28,2019,Jan,cat,call,0.0,0,31,31,152.56,167.46,False,1556.69,-31.19,190.88,38.32,False,True,-31.19,167.46,14.9,True,False,0.0,-31.19
28,2019,Jan,cat,call,0.25,7,24,31,152.56,167.46,False,1556.69,-31.19,186.46,33.9,False,True,-31.19,169.21,16.65,False,True,-31.19,0.0
28,2019,Jan,cat,call,0.5,15,16,31,152.56,167.46,False,1556.69,-31.19,193.65,41.09,False,True,-31.19,180.97,28.41,False,True,-31.19,0.0
28,2019,Jan,cat,call,0.75,23,8,31,152.56,167.46,False,1556.69,-31.19,168.79,16.23,False,True,-31.19,160.07,7.51,True,False,0.0,-31.19
28,2019,Jan,cat,call,1.0,31,0,31,152.56,167.46,False,1556.69,-31.19,152.56,0.0,True,False,0.0,152.56,0.0,True,False,0.0,0.0
32,2019,JanFebMarAprMayJunJul,cat,call,0.0,0,212,212,2383.57,2227.99,True,1519.0,0.0,2304.6,-78.97,True,True,0.0,2258.44,-125.13,True,True,0.0,0.0
32,2019,JanFebMarAprMayJunJul,cat,call,0.25,53,159,212,2383.57,2227.99,True,1519.0,0.0,2303.53,-80.04,True,True,0.0,2278.9,-104.67,True,True,0.0,0.0
32,2019,JanFebMarAprMayJunJul,cat,call,0.5,106,106,212,2383.57,2227.99,True,1519.0,0.0,2347.87,-35.7,True,True,0.0,2334.18,-49.39,True,True,0.0,0.0
32,2019,JanFebMarAprMayJunJul,cat,call,0.75,159,53,212,2383.57,2227.99,True,1519.0,0.0,2335.11,-48.46,True,True,0.0,2327.08,-56.49,True,True,0.0,0.0
32,2019,JanFebMarAprMayJunJul,cat,call,1.0,212,0,212,2383.57,2227.99,True,1519.0,0.0,2383.57,0.0,True,True,0.0,2383.57,0.0,True,True,0.0,0.0
44,2019,AprMayJunJul,cat,put,0.0,0,122,122,1925.11,1910.7,False,1106.8,-63.35,1966.83,41.72,True,False,0.0,1910.7,-14.41,False,True,-63.35,63.35
44,2019,AprMayJunJul,cat,put,0.25,30,92,122,1925.11,1910.7,False,1106.8,-63.35,1942.37,17.26,True,False,0.0,1899.51,-25.6,False,True,-63.35,63.35
44,2019,AprMayJunJul,cat,put,0.5,61,61,122,1925.11,1910.7,False,1106.8,-63.35,1858.28,-66.83,False,True,-63.35,1827.59,-97.52,False,True,-63.35,0.0
44,2019,AprMayJunJul,cat,put,0.75,91,31,122,1925.11,1910.7,False,1106.8,-63.35,1900.03,-25.08,False,True,-63.35,1879.79,-45.32,False,True,-63.35,0.0
44,2019,AprMayJunJul,cat,put,1.0,122,0,122,1925.11,1910.7,False,1106.8,-63.35,1925.11,-0.0,True,False,0.0,1925.11,-0.0,True,False,0.0,0.0
52,2019,FebMarAprMayJunJul,cat,call,0.0,0,181,181,2487.01,2371.2,True,1189.65,61.42,2442.59,-44.42,True,True,61.42,2371.2,-115.81,True,True,61.42,0.0
52,2019,FebMarAprMayJunJul,cat,call,0.25,45,136,181,2487.01,2371.2,True,1189.65,61.42,2491.21,4.2,True,True,61.42,2455.59,-31.42,True,True,61.42,0.0
52,2019,FebMarAprMayJunJul,cat,call,0.5,90,91,181,2487.01,2371.2,True,1189.65,61.42,2477.23,-9.78,True,True,61.42,2448.54,-38.47,True,True,61.42,0.0
52,2019,FebMarAprMayJunJul,cat,call,0.75,135,46,181,2487.01,2371.2,True,1189.65,61.42,2400.5,-86.51,True,True,61.42,2384.42,-102.59,True,True,61.42,0.0
52,2019,FebMarAprMayJunJul,cat,call,1.0,181,0,181,2487.01,2371.2,True,1189.65,61.42,2487.01,-0.0,True,True,61.42,2487.01,-0.0,True,True,61.42,0.0
53,2019,May,cat,call,0.0,0,31,31,389.93,410.14,False,1255.97,0.0,424.92,34.99,False,True,0.0,410.14,20.21,True,False,0.0,0.0
53,2019,May,cat,call,0.25,7,24,31,389.93,410.14,False,1255.97,0.0,406.58,16.65,True,False,0.0,394.82,4.89,True,False,0.0,0.0
53,2019,May,cat,call,0.5,15,16,31,389.93,410.14,False,1255.97,0.0,399.21,9.28,True,False,0.0,391.14,1.21,True,False,0.0,0.0
53,2019,May,cat,call,0.75,23,8,31,389.93,410.14,False,1255.97,0.0,394.29,4.36,True,False,0.0,391.57,1.64,True,False,0.0,0.0
53,2019,May,cat,call,1.0,31,0,31,389.93,410.14,False,1255.97,0.0,389.93,-0.0,True,False,0.0,389.93,-0.0,True,False,0.0,0.0
11,2020,May,hdd,put,0.0,0,31,31,114.82,117.27,True,1246.88,0.0,98.48,-16.34,True,True,0.0,108.31,-6.51,True,True,0.0,0.0
11,2020,May,hdd,put,0.25,7,24,31,114.82,117.27,True,1246.88,0.0,104.92,-9.9,True,True,0.0,110.79,-4.03,True,True,0.0,0.0
11,2020,May,hdd,put,0.5,15,16,31,114.82,117.27,True,1246.88,0.0,119.06,4.24,False,False,0.0,124.56,9.74,False,False,0.0,0.0
11,2020,May,hdd,put,0.75,23,8,31,114.82,117.27,True,1246.88,0.0,118.78,3.96,False,False,0.0,119.42,4.6,False,False,0.0,0.0
11,2020,May,hdd,put,1.0,31,0,31,114.82,117.27,True,1246.88,0.0,114.82,-0.0,True,True,0.0,114.82,-0.0,True,True,0.0,0.0
24,2020,MayJun,hdd,put,0.0,0,61,61,169.44,162.85,False,977.49,0.0,106.59,-62.85,False,True,0.0,131.3,-38.14,False,True,0.0,0.0
24,2020,MayJun,hdd,put,0.25,15,46,61,169.44,162.85,False,977.49,0.0,118.44,-51.0,False,True,0.0,135.03,-34.41,False,True,0.0,0.0
24,2020,MayJun,hdd,put,0.5,30,31,61,169.44,162.85,False,977.49,0.0,115.44,-54.0,False,True,0.0,122.32,-47.12,False,True,0.0,0.0
24,2020,MayJun,hdd,put,0.75,45,16,61,169.44,162.85,False,977.49,0.0,147.37,-22.07,False,True,0.0,147.85,-21.59,False,True,0.0,0.0
24,2020,MayJun,hdd,put,1.0,61,0,61,169.44,162.85,False,977.49,0.0,169.44,-0.0,True,False,0.0,169.44,-0.0,True,False,0.0,0.0
27,2020,FebMarAprMayJunJul,cat,put,0.0,0,181,181,2460.04,2359.22,False,1340.4,-58.91,2279.83,-180.21,False,True,-58.91,2303.11,-156.93,False,True,-58.91,0.0
27,2020,FebMarAprMayJunJul,cat,put,0.25,45,136,181,2460.04,2359.22,False,1340.4,-58.91,2414.17,-45.87,True,False,0.0,2442.56,-17.48,True,False,0.0,0.0
27,2020,FebMarAprMayJunJul,cat,put,0.5,90,91,181,2460.04,2359.22,False,1340.4,-58.91,2485.49,25.45,True,False,0.0,2499.74,39.7,True,False,0.0,0.0
27,2020,FebMarAprMayJunJul,cat,put,0.75,135,46,181,2460.04,2359.22,False,1340.4,-58.91,2461.22,1.18,True,False,0.0,2466.97,6.93,True,False,0.0,0.0
27,2020,FebMarAprMayJunJul,cat,put,1.0,181,0,181,2460.04,2359.22,False,1340.4,-58.91,2460.04,-0.0,True,False,0.0,2460.04,-0.0,True,False,0.0,0.0
28,2020,Jan,cat,call,0.0,0,31,31,206.08,166.71,True,1330.79,41.64,188.81,-17.27,True,True,41.64,166.71,-39.37,True,True,41.64,0.0
28,2020,Jan,cat,call,0.25,7,24,31,206.08,166.71,True,1330.79,41.64,194.11,-11.97,True,True,41.64,175.27,-30.81,True,True,41.64,0.0
28,2020,Jan,cat,call,0.5,15,16,31,206.08,166.71,True,1330.79,41.64,214.22,8.14,True,True,41.64,199.53,-6.55,True,True,41.64,0.0
28,2020,Jan,cat,call,0.75,23,8,31,206.08,166.71,True,1330.79,41.64,202.3,-3.78,True,True,41.64,192.84,-13.24,True,True,41.64,0.0
28,2020,Jan,cat,call,1.0,31,0,31,206.08,166.71,True,1330.79,41.64,206.08,0.0,True,True,41.64,206.08,0.0,True,True,41.64,0.0
32,2020,JanFebMarAprMayJunJul,cat,call,0.0,0,212,212,2441.55,2253.92,True,1452.84,0.0,2299.31,-142.24,True,True,0.0,2264.88,-176.67,True,True,0.0,0.0
32,2020,JanFebMarAprMayJunJul,cat,call,0.25,53,159,212,2441.55,2253.92,True,1452.84,0.0,2403.41,-38.14,True,True,0.0,2391.26,-50.29,True,True,0.0,0.0
32,2020,JanFebMarAprMayJunJul,cat,call,0.5,106,106,212,2441.55,2253.92,True,1452.84,0.0,2446.91,5.36,True,True,0.0,2437.12,-4.43,True,True,0.0,0.0
32,2020,JanFebMarAprMayJunJul,cat,call,0.75,159,53,212,2441.55,2253.92,True,1452.84,0.0,2476.62,35.07,True,True,0.0,2470.12,28.57,True,True,0.0,0.0
32,2020,JanFebMarAprMayJunJul,cat,call,1.0,212,0,212,2441.55,2253.92,True,1452.84,0.0,2441.55,0.0,True,True,0.0,2441.55,0.0,True,True,0.0,0.0
44,2020,MayJunJul,cat,put,0.0,0,92,92,1531.83,1596.79,True,1135.98,100.66,1640.34,108.51,False,False,0.0,1596.79,64.96,True,True,100.66,-100.66
44,2020,MayJunJul,cat,put,0.25,23,69,92,1531.83,1596.79,True,1135.98,100.66,1620.08,88.25,False,False,0.0,1588.48,56.65,True,True,100.66,-100.66
44,2020,MayJunJul,cat,put,0.5,46,46,92,1531.83,1596.79,True,1135.98,100.66,1575.38,43.55,True,True,100.66,1550.55,18.72,True,True,100.66,0.0
44,2020,MayJunJul,cat,put,0.75,69,23,92,1531.83,1596.79,True,1135.98,100.66,1547.6,15.77,True,True,100.66,1529.69,-2.14,True,True,100.66,0.0
44,2020,MayJunJul,cat,put,1.0,92,0,92,1531.83,1596.79,True,1135.98,100.66,1531.83,0.0,True,True,100.66,1531.83,0.0,True,True,100.66,0.0
52,2020,MayJun,hdd,put,0.0,0,61,61,166.04,154.1,False,781.61,-29.96,126.44,-39.6,False,True,-29.96,127.51,-38.53,False,True,-29.96,0.0
52,2020,MayJun,hdd,put,0.25,15,46,61,166.04,154.1,False,781.61,-29.96,125.58,-40.46,False,True,-29.96,126.28,-39.76,False,True,-29.96,0.0
52,2020,MayJun,hdd,put,0.5,30,31,61,166.04,154.1,False,781.61,-29.96,110.74,-55.3,False,True,-29.96,110.76,-55.28,False,True,-29.96,0.0
52,2020,MayJun,hdd,put,0.75,45,16,61,166.04,154.1,False,781.61,-29.96,138.25,-27.79,False,True,-29.96,138.85,-27.19,False,True,-29.96,0.0
52,2020,MayJun,hdd,put,1.0,61,0,61,166.04,154.1,False,781.61,-29.96,166.04,0.0,True,False,0.0,166.04,0.0,True,False,0.0,0.0
53,2020,May,cat,call,0.0,0,31,31,441.2,409.13,True,1079.8,12.19,416.28,-24.92,True,True,12.19,409.13,-32.07,False,False,0.0,12.19
53,2020,May,cat,call,0.25,7,24,31,441.2,409.13,True,1079.8,12.19,419.91,-21.29,True,True,12.19,414.62,-26.58,True,True,12.19,0.0
53,2020,May,cat,call,0.5,15,16,31,441.2,409.13,True,1079.8,12.19,421.21,-19.99,True,True,12.19,417.55,-23.65,True,True,12.19,0.0
53,2020,May,cat,call,0.75,23,8,31,441.2,409.13,True,1079.8,12.19,422.85,-18.35,True,True,12.19,422.27,-18.93,True,True,12.19,0.0
53,2020,May,cat,call,1.0,31,0,31,441.2,409.13,True,1079.8,12.19,441.2,0.0,True,True,12.19,441.2,0.0,True,True,12.19,0.0
11,2021,May,hdd,put,0.0,0,31,31,182.14,117.15,False,1327.33,0.0,95.01,-87.13,False,True,0.0,108.18,-73.96,False,True,0.0,0.0
11,2021,May,hdd,put,0.25,7,24,31,182.14,117.15,False,1327.33,0.0,125.47,-56.67,True,False,0.0,133.71,-48.43,True,False,0.0,0.0
11,2021,May,hdd,put,0.5,15,16,31,182.14,117.15,False,1327.33,0.0,138.05,-44.09,True,False,0.0,144.34,-37.8,True,False,0.0,0.0
11,2021,May,hdd,put,0.75,23,8,31,182.14,117.15,False,1327.33,0.0,164.7,-17.44,True,False,0.0,165.86,-16.28,True,False,0.0,0.0
11,2021,May,hdd,put,1.0,31,0,31,182.14,117.15,False,1327.33,0.0,182.14,-0.0,True,False,0.0,182.14,-0.0,True,False,0.0,0.0
24,2021,May,cdd,call,0.0,0,31,31,1.25,5.99,False,1170.85,0.0,0.0,-1.25,True,False,0.0,0.0,-1.25,True,False,0.0,0.0
24,2021,May,cdd,call,0.25,7,24,31,1.25,5.99,False,1170.85,0.0,0.0,-1.25,True,False,0.0,0.0,-1.25,True,False,0.0,0.0
24,2021,May,cdd,call,0.5,15,16,31,1.25,5.99,False,1170.85,0.0,1.25,0.0,True,False,0.0,1.25,0.0,True,False,0.0,0.0
24,2021,May,cdd,call,0.75,23,8,31,1.25,5.99,False,1170.85,0.0,1.25,0.0,True,False,0.0,1.25,0.0,True,False,0.0,0.0
24,2021,May,cdd,call,1.0,31,0,31,1.25,5.99,False,1170.85,0.0,1.25,0.0,True,False,0.0,1.25,0.0,True,False,0.0,0.0
27,2021,FebMarAprMayJunJul,cat,put,0.0,0,181,181,2169.64,2376.03,True,969.37,254.4,2327.5,157.86,True,True,254.4,2310.8,141.16,True,True,254.4,0.0
27,2021,FebMarAprMayJunJul,cat,put,0.25,45,136,181,2169.64,2376.03,True,969.37,254.4,2374.04,204.4,True,True,254.4,2370.99,201.35,True,True,254.4,0.0
27,2021,FebMarAprMayJunJul,cat,put,0.5,90,91,181,2169.64,2376.03,True,969.37,254.4,2289.27,119.63,True,True,254.4,2281.92,112.28,True,True,254.4,0.0
27,2021,FebMarAprMayJunJul,cat,put,0.75,135,46,181,2169.64,2376.03,True,969.37,254.4,2224.46,54.82,True,True,254.4,2221.3,51.66,True,True,254.4,0.0
27,2021,FebMarAprMayJunJul,cat,put,1.0,181,0,181,2169.64,2376.03,True,969.37,254.4,2169.64,0.0,True,True,254.4,2169.64,0.0,True,True,254.4,0.0
28,2021,Jan,cat,call,0.0,0,31,31,153.74,168.59,False,1236.46,-35.88,184.8,31.06,False,True,-35.88,168.59,14.85,True,False,0.0,-35.88
28,2021,Jan,cat,call,0.25,7,24,31,153.74,168.59,False,1236.46,-35.88,160.69,6.95,True,False,0.0,147.26,-6.48,True,False,0.0,0.0
28,2021,Jan,cat,call,0.5,15,16,31,153.74,168.59,False,1236.46,-35.88,149.77,-3.97,True,False,0.0,138.04,-15.7,True,False,0.0,0.0
28,2021,Jan,cat,call,0.75,23,8,31,153.74,168.59,False,1236.46,-35.88,150.94,-2.8,True,False,0.0,143.47,-10.27,True,False,0.0,0.0
28,2021,Jan,cat,call,1.0,31,0,31,153.74,168.59,False,1236.46,-35.88,153.74,-0.0,True,False,0.0,153.74,-0.0,True,False,0.0,0.0
32,2021,JanFebMarAprMayJunJul,cat,call,0.0,0,212,212,2122.6,2280.73,False,1324.11,0.0,2282.93,160.33,False,True,0.0,2273.47,150.87,True,False,0.0,0.0
32,2021,JanFebMarAprMayJunJul,cat,call,0.25,53,159,212,2122.6,2280.73,False,1324.11,0.0,2246.28,123.68,True,False,0.0,2245.19,122.59,True,False,0.0,0.0
32,2021,JanFebMarAprMayJunJul,cat,call,0.5,106,106,212,2122.6,2280.73,False,1324.11,0.0,2213.71,91.11,True,False,0.0,2214.56,91.96,True,False,0.0,0.0
32,2021,JanFebMarAprMayJunJul,cat,call,0.75,159,53,212,2122.6,2280.73,False,1324.11,0.0,2125.08,2.48,True,False,0.0,2123.82,1.22,True,False,0.0,0.0
32,2021,JanFebMarAprMayJunJul,cat,call,1.0,212,0,212,2122.6,2280.73,False,1324.11,0.0,2122.6,-0.0,True,False,0.0,2122.6,-0.0,True,False,0.0,0.0
44,2021,Apr,cat,put,0.0,0,30,30,242.99,317.73,True,1005.27,249.53,332.11,89.12,False,False,0.0,317.73,74.74,False,False,0.0,0.0
44,2021,Apr,cat,put,0.25,7,23,30,242.99,317.73,True,1005.27,249.53,314.7,71.71,True,True,249.53,303.19,60.2,True,True,249.53,0.0
44,2021,Apr,cat,put,0.5,15,15,30,242.99,317.73,True,1005.27,249.53,281.61,38.62,True,True,249.53,276.62,33.63,True,True,249.53,0.0
44,2021,Apr,cat,put,0.75,22,8,30,242.99,317.73,True,1005.27,249.53,260.13,17.14,True,True,249.53,258.95,15.96,True,True,249.53,0.0
44,2021,Apr,cat,put,1.0,30,0,30,242.99,317.73,True,1005.27,249.53,242.99,-0.0,True,True,249.53,242.99,-0.0,True,True,249.53,0.0
52,2021,AprMay,cat,call,0.0,0,61,61,696.48,787.94,False,1073.7,-38.14,809.11,112.63,False,True,-38.14,787.94,91.46,False,True,-38.14,0.0
52,2021,AprMay,cat,call,0.25,15,46,61,696.48,787.94,False,1073.7,-38.14,772.04,75.56,True,False,0.0,756.81,60.33,True,False,0.0,0.0
52,2021,AprMay,cat,call,0.5,30,31,61,696.48,787.94,False,1073.7,-38.14,764.12,67.64,True,False,0.0,750.46,53.98,True,False,0.0,0.0
52,2021,AprMay,cat,call,0.75,45,16,61,696.48,787.94,False,1073.7,-38.14,728.72,32.24,True,False,0.0,722.24,25.76,True,False,0.0,0.0
52,2021,AprMay,cat,call,1.0,61,0,61,696.48,787.94,False,1073.7,-38.14,696.48,-0.0,True,False,0.0,696.48,-0.0,True,False,0.0,0.0
53,2021,May,cat,call,0.0,0,31,31,356.35,410.66,False,1184.78,-15.32,420.55,64.2,False,True,-15.32,410.66,54.31,True,False,0.0,-15.32
53,2021,May,cat,call,0.25,7,24,31,356.35,410.66,False,1184.78,-15.32,396.47,40.12,True,False,0.0,389.19,32.84,True,False,0.0,0.0
53,2021,May,cat,call,0.5,15,16,31,356.35,410.66,False,1184.78,-15.32,383.92,27.57,True,False,0.0,379.26,22.91,True,False,0.0,0.0
53,2021,May,cat,call,0.75,23,8,31,356.35,410.66,False,1184.78,-15.32,361.14,4.79,True,False,0.0,360.44,4.09,True,False,0.0,0.0
53,2021,May,cat,call,1.0,31,0,31,356.35,410.66,False,1184.78,-15.32,356.35,0.0,True,False,0.0,356.35,0.0,True,False,0.0,0.0
11,2022,MayJun,hdd,put,0.0,0,61,61,91.19,158.86,True,1374.73,27.31,97.06,5.87,True,True,27.31,123.95,32.76,True,True,27.31,0.0
11,2022,MayJun,hdd,put,0.25,15,46,61,91.19,158.86,True,1374.73,27.31,79.98,-11.21,True,True,27.31,96.7,5.51,True,True,27.31,0.0
11,2022,MayJun,hdd,put,0.5,30,31,61,91.19,158.86,True,1374.73,27.31,79.22,-11.97,True,True,27.31,86.85,-4.34,True,True,27.31,0.0
11,2022,MayJun,hdd,put,0.75,45,16,61,91.19,158.86,True,1374.73,27.31,85.64,-5.55,True,True,27.31,85.95,-5.24,True,True,27.31,0.0
11,2022,MayJun,hdd,put,1.0,61,0,61,91.19,158.86,True,1374.73,27.31,91.19,-0.0,True,True,27.31,91.19,-0.0,True,True,27.31,0.0
24,2022,May,cat,call,0.0,0,31,31,511.67,437.84,True,1129.55,0.0,451.68,-59.99,True,True,0.0,437.84,-73.83,True,True,0.0,0.0
24,2022,May,cat,call,0.25,7,24,31,511.67,437.84,True,1129.55,0.0,452.62,-59.05,True,True,0.0,443.38,-68.29,True,True,0.0,0.0
24,2022,May,cat,call,0.5,15,16,31,511.67,437.84,True,1129.55,0.0,481.29,-30.38,True,True,0.0,473.74,-37.93,True,True,0.0,0.0
24,2022,May,cat,call,0.75,23,8,31,511.67,437.84,True,1129.55,0.0,523.0,11.33,True,True,0.0,520.91,9.24,True,True,0.0,0.0
24,2022,May,cat,call,1.0,31,0,31,511.67,437.84,True,1129.55,0.0,511.67,0.0,True,True,0.0,511.67,0.0,True,True,0.0,0.0
27,2022,FebMarAprMayJunJul,cat,put,0.0,0,181,181,2532.84,2346.54,False,1067.54,-77.21,2316.38,-216.46,False,True,-77.21,2304.29,-228.55,False,True,-77.21,0.0
27,2022,FebMarAprMayJunJul,cat,put,0.25,45,136,181,2532.84,2346.54,False,1067.54,-77.21,2361.96,-170.88,True,False,0.0,2359.63,-173.21,True,False,0.0,0.0
27,2022,FebMarAprMayJunJul,cat,put,0.5,90,91,181,2532.84,2346.54,False,1067.54,-77.21,2371.28,-161.56,True,False,0.0,2364.95,-167.89,True,False,0.0,0.0
27,2022,FebMarAprMayJunJul,cat,put,0.75,135,46,181,2532.84,2346.54,False,1067.54,-77.21,2459.27,-73.57,True,False,0.0,2456.77,-76.07,True,False,0.0,0.0
27,2022,FebMarAprMayJunJul,cat,put,1.0,181,0,181,2532.84,2346.54,False,1067.54,-77.21,2532.84,-0.0,True,False,0.0,2532.84,-0.0,True,False,0.0,0.0
28,2022,Jan,cat,call,0.0,0,31,31,179.16,167.91,True,1559.0,-7.14,194.79,15.63,True,True,-7.14,167.91,-11.25,True,True,-7.14,0.0
28,2022,Jan,cat,call,0.25,7,24,31,179.16,167.91,True,1559.0,-7.14,203.9,24.74,True,True,-7.14,185.53,6.37,True,True,-7.14,0.0
28,2022,Jan,cat,call,0.5,15,16,31,179.16,167.91,True,1559.0,-7.14,196.4,17.24,True,True,-7.14,182.25,3.09,True,True,-7.14,0.0
28,2022,Jan,cat,call,0.75,23,8,31,179.16,167.91,True,1559.0,-7.14,185.51,6.35,True,True,-7.14,177.09,-2.07,True,True,-7.14,0.0
28,2022,Jan,cat,call,1.0,31,0,31,179.16,167.91,True,1559.0,-7.14,179.16,-0.0,True,True,-7.14,179.16,-0.0,True,True,-7.14,0.0
32,2022,AprMayJun,cdd,put,0.0,0,91,91,24.69,23.84,False,1469.14,-61.4,0.0,-24.69,False,True,-61.4,0.17,-24.52,False,True,-61.4,0.0
32,2022,AprMayJun,cdd,put,0.25,22,69,91,24.69,23.84,False,1469.14,-61.4,0.0,-24.69,False,True,-61.4,0.17,-24.52,False,True,-61.4,0.0
32,2022,AprMayJun,cdd,put,0.5,45,46,91,24.69,23.84,False,1469.14,-61.4,1.09,-23.6,False,True,-61.4,1.26,-23.43,False,True,-61.4,0.0
32,2022,AprMayJun,cdd,put,0.75,68,23,91,24.69,23.84,False,1469.14,-61.4,7.11,-17.58,False,True,-61.4,7.28,-17.41,False,True,-61.4,0.0
32,2022,AprMayJun,cdd,put,1.0,91,0,91,24.69,23.84,False,1469.14,-61.4,24.69,-0.0,True,False,0.0,24.69,-0.0,True,False,0.0,0.0
44,2022,Mar,cat,call,0.0,0,31,31,245.14,212.74,True,1020.6,36.87,226.56,-18.58,True,True,36.87,212.74,-32.4,False,False,0.0,36.87
44,2022,Mar,cat,call,0.25,7,24,31,245.14,212.74,True,1020.6,36.87,210.88,-34.26,False,False,0.0,205.14,-40.0,False,False,0.0,0.0
44,2022,Mar,cat,call,0.5,15,16,31,245.14,212.74,True,1020.6,36.87,216.63,-28.51,True,True,36.87,212.24,-32.9,False,False,0.0,36.87
44,2022,Mar,cat,call,0.75,23,8,31,245.14,212.74,True,1020.6,36.87,230.4,-14.74,True,True,36.87,227.8,-17.34,True,True,36.87,0.0
44,2022,Mar,cat,call,1.0,31,0,31,245.14,212.74,True,1020.6,36.87,245.14,-0.0,True,True,36.87,245.14,-0.0,True,True,36.87,0.0
52,2022,AprMay,cat,call,0.0,0,61,61,860.62,783.79,True,1070.14,98.88,805.11,-55.51,True,True,98.88,783.79,-76.83,False,False,0.0,98.88
52,2022,AprMay,cat,call,0.25,15,46,61,860.62,783.79,True,1070.14,98.88,790.39,-70.23,True,True,98.88,775.43,-85.19,False,False,0.0,98.88
52,2022,AprMay,cat,call,0.5,30,31,61,860.62,783.79,True,1070.14,98.88,809.69,-50.93,True,True,98.88,795.48,-65.14,True,True,98.88,0.0
52,2022,AprMay,cat,call,0.75,45,16,61,860.62,783.79,True,1070.14,98.88,840.69,-19.93,True,True,98.88,833.97,-26.65,True,True,98.88,0.0
52,2022,AprMay,cat,call,1.0,61,0,61,860.62,783.79,True,1070.14,98.88,860.62,-0.0,True,True,98.88,860.62,-0.0,True,True,98.88,0.0
53,2022,May,cat,call,0.0,0,31,31,446.19,408.19,True,1188.97,60.54,421.28,-24.91,True,True,60.54,408.19,-38.0,False,False,0.0,60.54
53,2022,May,cat,call,0.25,7,24,31,446.19,408.19,True,1188.97,60.54,423.61,-22.58,True,True,60.54,414.27,-31.92,True,True,60.54,0.0
53,2022,May,cat,call,0.5,15,16,31,446.19,408.19,True,1188.97,60.54,437.65,-8.54,True,True,60.54,431.56,-14.63,True,True,60.54,0.0
53,2022,May,cat,call,0.75,23,8,31,446.19,408.19,True,1188.97,60.54,454.2,8.01,True,True,60.54,453.11,6.92,True,True,60.54,0.0
53,2022,May,cat,call,1.0,31,0,31,446.19,408.19,True,1188.97,60.54,446.19,0.0,True,True,60.54,446.19,0.0,True,True,60.54,0.0
11,2023,MayJun,hdd,put,0.0,0,61,61,107.86,155.91,True,1341.75,3.03,102.99,-4.87,True,True,3.03,120.97,13.11,True,True,3.03,0.0
11,2023,MayJun,hdd,put,0.25,15,46,61,107.86,155.91,True,1341.75,3.03,103.17,-4.69,True,True,3.03,114.57,6.71,True,True,3.03,0.0
11,2023,MayJun,hdd,put,0.5,30,31,61,107.86,155.91,True,1341.75,3.03,112.61,4.75,True,True,3.03,118.04,10.18,True,True,3.03,0.0
11,2023,MayJun,hdd,put,0.75,45,16,61,107.86,155.91,True,1341.75,3.03,107.86,-0.0,True,True,3.03,107.9,0.04,True,True,3.03,0.0
11,2023,MayJun,hdd,put,1.0,61,0,61,107.86,155.91,True,1341.75,3.03,107.86,-0.0,True,True,3.03,107.86,-0.0,True,True,3.03,0.0
24,2023,AprMay,cat,call,0.0,0,61,61,769.5,766.62,True,1104.99,-1.38,807.94,38.44,True,True,-1.38,766.62,-2.88,False,False,0.0,-1.38
24,2023,AprMay,cat,call,0.25,15,46,61,769.5,766.62,True,1104.99,-1.38,780.89,11.39,True,True,-1.38,751.8,-17.7,False,False,0.0,-1.38
24,2023,AprMay,cat,call,0.5,30,31,61,769.5,766.62,True,1104.99,-1.38,768.02,-1.48,True,True,-1.38,745.38,-24.12,False,False,0.0,-1.38
24,2023,AprMay,cat,call,0.75,45,16,61,769.5,766.62,True,1104.99,-1.38,769.96,0.46,True,True,-1.38,757.86,-11.64,False,False,0.0,-1.38
24,2023,AprMay,cat,call,1.0,61,0,61,769.5,766.62,True,1104.99,-1.38,769.5,0.0,True,True,-1.38,769.5,0.0,True,True,-1.38,0.0
27,2023,FebMarAprMayJunJul,hdd,call,0.0,0,181,181,1013.63,1055.27,False,1036.2,-74.86,1027.56,13.93,True,False,0.0,1043.33,29.7,True,False,0.0,0.0
27,2023,FebMarAprMayJunJul,hdd,call,0.25,45,136,181,1013.63,1055.27,False,1036.2,-74.86,1017.49,3.86,True,False,0.0,1022.47,8.84,True,False,0.0,0.0
27,2023,FebMarAprMayJunJul,hdd,call,0.5,90,91,181,1013.63,1055.27,False,1036.2,-74.86,1026.21,12.58,True,False,0.0,1031.81,18.18,True,False,0.0,0.0
27,2023,FebMarAprMayJunJul,hdd,call,0.75,135,46,181,1013.63,1055.27,False,1036.2,-74.86,1011.45,-2.18,True,False,0.0,1011.45,-2.18,True,False,0.0,0.0
27,2023,FebMarAprMayJunJul,hdd,call,1.0,181,0,181,1013.63,1055.27,False,1036.2,-74.86,1013.63,-0.0,True,False,0.0,1013.63,-0.0,True,False,0.0,0.0
28,2023,Jan,cat,call,0.0,0,31,31,204.23,168.4,True,1413.55,24.06,195.66,-8.57,True,True,24.06,168.4,-35.83,True,True,24.06,0.0
28,2023,Jan,cat,call,0.25,7,24,31,204.23,168.4,True,1413.55,24.06,223.24,19.01,True,True,24.06,203.97,-0.26,True,True,24.06,0.0
28,2023,Jan,cat,call,0.5,15,16,31,204.23,168.4,True,1413.55,24.06,243.92,39.69,True,True,24.06,228.73,24.5,True,True,24.06,0.0
28,2023,Jan,cat,call,0.75,23,8,31,204.23,168.4,True,1413.55,24.06,217.37,13.14,True,True,24.06,208.32,4.09,True,True,24.06,0.0
28,2023,Jan,cat,call,1.0,31,0,31,204.23,168.4,True,1413.55,24.06,204.23,0.0,True,True,24.06,204.23,0.0,True,True,24.06,0.0
32,2023,MayJun,cdd,put,0.0,0,61,61,43.53,23.77,False,1420.37,-56.9,0.0,-43.53,False,True,-56.9,0.21,-43.32,False,True,-56.9,0.0
32,2023,MayJun,cdd,put,0.25,15,46,61,43.53,23.77,False,1420.37,-56.9,0.0,-43.53,False,True,-56.9,0.21,-43.32,False,True,-56.9,0.0
32,2023,MayJun,cdd,put,0.5,30,31,61,43.53,23.77,False,1420.37,-56.9,0.0,-43.53,False,True,-56.9,0.21,-43.32,False,True,-56.9,0.0
32,2023,MayJun,cdd,put,0.75,45,16,61,43.53,23.77,False,1420.37,-56.9,19.48,-24.05,False,True,-56.9,19.69,-23.84,False,True,-56.9,0.0
32,2023,MayJun,cdd,put,1.0,61,0,61,43.53,23.77,False,1420.37,-56.9,43.53,0.0,True,False,0.0,43.53,0.0,True,False,0.0,0.0
44,2023,Feb,cat,put,0.0,0,28,28,137.85,108.22,False,1019.78,-33.56,126.29,-11.56,True,False,0.0,108.22,-29.63,False,True,-33.56,33.56
44,2023,Feb,cat,put,0.25,7,21,28,137.85,108.22,False,1019.78,-33.56,136.13,-1.72,True,False,0.0,117.19,-20.66,True,False,0.0,0.0
44,2023,Feb,cat,put,0.5,14,14,28,137.85,108.22,False,1019.78,-33.56,123.54,-14.31,True,False,0.0,112.88,-24.97,True,False,0.0,0.0
44,2023,Feb,cat,put,0.75,21,7,28,137.85,108.22,False,1019.78,-33.56,146.55,8.7,True,False,0.0,140.57,2.72,True,False,0.0,0.0
44,2023,Feb,cat,put,1.0,28,0,28,137.85,108.22,False,1019.78,-33.56,137.85,0.0,True,False,0.0,137.85,0.0,True,False,0.0,0.0
52,2023,AprMay,cat,call,0.0,0,61,61,822.71,787.13,True,1089.09,22.72,811.55,-11.16,True,True,22.72,787.13,-35.58,False,False,0.0,22.72
52,2023,AprMay,cat,call,0.25,15,46,61,822.71,787.13,True,1089.09,22.72,797.13,-25.58,True,True,22.72,780.97,-41.74,False,False,0.0,22.72
52,2023,AprMay,cat,call,0.5,30,31,61,822.71,787.13,True,1089.09,22.72,799.49,-23.22,True,True,22.72,784.82,-37.89,False,False,0.0,22.72
52,2023,AprMay,cat,call,0.75,45,16,61,822.71,787.13,True,1089.09,22.72,811.67,-11.04,True,True,22.72,804.38,-18.33,True,True,22.72,0.0
52,2023,AprMay,cat,call,1.0,61,0,61,822.71,787.13,True,1089.09,22.72,822.71,0.0,True,True,22.72,822.71,0.0,True,True,22.72,0.0
53,2023,May,cat,call,0.0,0,31,31,435.69,409.84,True,1144.31,22.52,423.94,-11.75,True,True,22.52,409.84,-25.85,False,False,0.0,22.52
53,2023,May,cat,call,0.25,7,24,31,435.69,409.84,True,1144.31,22.52,437.1,1.41,True,True,22.52,427.08,-8.61,True,True,22.52,0.0
53,2023,May,cat,call,0.5,15,16,31,435.69,409.84,True,1144.31,22.52,434.13,-1.56,True,True,22.52,427.31,-8.38,True,True,22.52,0.0
53,2023,May,cat,call,0.75,23,8,31,435.69,409.84,True,1144.31,22.52,429.13,-6.56,True,True,22.52,427.05,-8.64,True,True,22.52,0.0
53,2023,May,cat,call,1.0,31,0,31,435.69,409.84,True,1144.31,22.52,435.69,0.0,True,True,22.52,435.69,0.0,True,True,22.52,0.0
11,2024,May,hdd,put,0.0,0,31,31,95.48,117.56,True,1049.68,0.0,89.11,-6.37,True,True,0.0,108.87,13.39,True,True,0.0,0.0
11,2024,May,hdd,put,0.25,7,24,31,95.48,117.56,True,1049.68,0.0,93.74,-1.74,True,True,0.0,107.03,11.55,True,True,0.0,0.0
11,2024,May,hdd,put,0.5,15,16,31,95.48,117.56,True,1049.68,0.0,85.67,-9.81,True,True,0.0,95.97,0.49,True,True,0.0,0.0
11,2024,May,hdd,put,0.75,23,8,31,95.48,117.56,True,1049.68,0.0,83.93,-11.55,True,True,0.0,87.86,-7.62,True,True,0.0,0.0
11,2024,May,hdd,put,1.0,31,0,31,95.48,117.56,True,1049.68,0.0,95.48,0.0,True,True,0.0,95.48,0.0,True,True,0.0,0.0
24,2024,AprMayJun,cat,call,0.0,0,91,91,1309.02,1315.26,False,1008.78,-6.95,1332.08,23.06,False,True,-6.95,1315.26,6.24,True,False,0.0,-6.95
24,2024,AprMayJun,cat,call,0.25,22,69,91,1309.02,1315.26,False,1008.78,-6.95,1367.17,58.15,False,True,-6.95,1358.47,49.45,False,True,-6.95,0.0
24,2024,AprMayJun,cat,call,0.5,45,46,91,1309.02,1315.26,False,1008.78,-6.95,1349.61,40.59,False,True,-6.95,1346.42,37.4,False,True,-6.95,0.0
24,2024,AprMayJun,cat,call,0.75,68,23,91,1309.02,1315.26,False,1008.78,-6.95,1325.56,16.54,False,True,-6.95,1328.62,19.6,False,True,-6.95,0.0
24,2024,AprMayJun,cat,call,1.0,91,0,91,1309.02,1315.26,False,1008.78,-6.95,1309.02,-0.0,True,False,0.0,1309.02,-0.0,True,False,0.0,0.0
27,2024,FebMarAprMayJunJul,hdd,call,0.0,0,181,181,916.42,1050.64,False,845.06,-61.08,998.68,82.26,True,False,0.0,1040.95,124.53,True,False,0.0,0.0
27,2024,FebMarAprMayJunJul,hdd,call,0.25,45,136,181,916.42,1050.64,False,845.06,-61.08,895.42,-21.0,True,False,0.0,907.57,-8.85,True,False,0.0,0.0
27,2024,FebMarAprMayJunJul,hdd,call,0.5,90,91,181,916.42,1050.64,False,845.06,-61.08,869.09,-47.33,True,False,0.0,877.5,-38.92,True,False,0.0,0.0
27,2024,FebMarAprMayJunJul,hdd,call,0.75,135,46,181,916.42,1050.64,False,845.06,-61.08,901.57,-14.85,True,False,0.0,901.57,-14.85,True,False,0.0,0.0
27,2024,FebMarAprMayJunJul,hdd,call,1.0,181,0,181,916.42,1050.64,False,845.06,-61.08,916.42,-0.0,True,False,0.0,916.42,-0.0,True,False,0.0,0.0
28,2024,Jan,cat,call,0.0,0,31,31,160.28,169.9,False,1189.97,-20.29,198.02,37.74,False,True,-20.29,169.9,9.62,True,False,0.0,-20.29
28,2024,Jan,cat,call,0.25,7,24,31,160.28,169.9,False,1189.97,-20.29,209.04,48.76,False,True,-20.29,186.71,26.43,False,True,-20.29,0.0
28,2024,Jan,cat,call,0.5,15,16,31,160.28,169.9,False,1189.97,-20.29,164.77,4.49,True,False,0.0,146.35,-13.93,True,False,0.0,0.0
28,2024,Jan,cat,call,0.75,23,8,31,160.28,169.9,False,1189.97,-20.29,145.14,-15.14,True,False,0.0,134.97,-25.31,True,False,0.0,0.0
28,2024,Jan,cat,call,1.0,31,0,31,160.28,169.9,False,1189.97,-20.29,160.28,-0.0,True,False,0.0,160.28,-0.0,True,False,0.0,0.0
32,2024,FebMarAprMayJunJul,cat,put,0.0,0,181,181,2308.64,2158.72,False,1196.31,-81.5,2198.22,-110.42,True,False,0.0,2146.42,-162.22,False,True,-81.5,81.5
32,2024,FebMarAprMayJunJul,cat,put,0.25,45,136,181,2308.64,2158.72,False,1196.31,-81.5,2314.96,6.32,True,False,0.0,2277.7,-30.94,True,False,0.0,0.0
32,2024,FebMarAprMayJunJul,cat,put,0.5,90,91,181,2308.64,2158.72,False,1196.31,-81.5,2348.34,39.7,True,False,0.0,2321.2,12.56,True,False,0.0,0.0
32,2024,FebMarAprMayJunJul,cat,put,0.75,135,46,181,2308.64,2158.72,False,1196.31,-81.5,2325.05,16.41,True,False,0.0,2312.56,3.92,True,False,0.0,0.0
32,2024,FebMarAprMayJunJul,cat,put,1.0,181,0,181,2308.64,2158.72,False,1196.31,-81.5,2308.64,0.0,True,False,0.0,2308.64,0.0,True,False,0.0,0.0
44,2024,Apr,cat,put,0.0,0,30,30,324.92,312.18,False,843.02,-62.84,330.49,5.57,True,False,0.0,312.18,-12.74,False,True,-62.84,62.84
44,2024,Apr,cat,put,0.25,7,23,30,324.92,312.18,False,843.02,-62.84,353.85,28.93,True,False,0.0,340.47,15.55,True,False,0.0,0.0
44,2024,Apr,cat,put,0.5,15,15,30,324.92,312.18,False,843.02,-62.84,382.86,57.94,True,False,0.0,376.47,51.55,True,False,0.0,0.0
44,2024,Apr,cat,put,0.75,22,8,30,324.92,312.18,False,843.02,-62.84,355.74,30.82,True,False,0.0,353.8,28.88,True,False,0.0,0.0
44,2024,Apr,cat,put,1.0,30,0,30,324.92,312.18,False,843.02,-62.84,324.92,-0.0,True,False,0.0,324.92,-0.0,True,False,0.0,0.0
52,2024,AprMay,cat,call,0.0,0,61,61,806.0,788.61,True,768.69,-9.05,811.59,5.59,True,True,-9.05,788.61,-17.39,False,False,0.0,-9.05
52,2024,AprMay,cat,call,0.25,15,46,61,806.0,788.61,True,768.69,-9.05,849.96,43.96,True,True,-9.05,835.39,29.39,True,True,-9.05,0.0
52,2024,AprMay,cat,call,0.5,30,31,61,806.0,788.61,True,768.69,-9.05,813.16,7.16,True,True,-9.05,799.84,-6.16,True,True,-9.05,0.0
52,2024,AprMay,cat,call,0.75,45,16,61,806.0,788.61,True,768.69,-9.05,817.88,11.88,True,True,-9.05,811.21,5.21,True,True,-9.05,0.0
52,2024,AprMay,cat,call,1.0,61,0,61,806.0,788.61,True,768.69,-9.05,806.0,0.0,True,True,-9.05,806.0,0.0,True,True,-9.05,0.0
53,2024,May,cat,call,0.0,0,31,31,428.81,410.92,True,1039.66,9.96,424.11,-4.7,True,True,9.96,410.92,-17.89,False,False,0.0,9.96
53,2024,May,cat,call,0.25,7,24,31,428.81,410.92,True,1039.66,9.96,418.0,-10.81,True,True,9.96,408.23,-20.58,False,False,0.0,9.96
53,2024,May,cat,call,0.5,15,16,31,428.81,410.92,True,1039.66,9.96,434.29,5.48,True,True,9.96,427.75,-1.06,True,True,9.96,0.0
53,2024,May,cat,call,0.75,23,8,31,428.81,410.92,True,1039.66,9.96,435.59,6.78,True,True,9.96,433.84,5.03,True,True,9.96,0.0
53,2024,May,cat,call,1.0,31,0,31,428.81,410.92,True,1039.66,9.96,428.81,0.0,True,True,9.96,428.81,0.0,True,True,9.96,0.0
