region,horizon,model,method,n_paths,mu_H,sigma_H,strike_ATM,price,payoff_mean,payoff_std,payoff_skew,payoff_kurt,var5
11,90day,HBA,burn_analysis,54,1119.67,124.27,1034.69,1963.92,1968.77,2179.43,1.239,0.967,0.0
11,90day,Alaton,ou_gaussian,100000,1085.11,50.38,1034.69,1088.08,1090.76,877.54,0.587,-0.26,0.0
11,90day,Benth,ou_benth,100000,1156.35,94.43,1034.69,2513.02,2519.22,1734.67,0.43,-0.263,0.0
11,90day,XGB,block_bootstrap,10000,1040.7,65.99,1034.69,588.61,590.07,808.24,1.522,2.057,0.0
11,90day,WaveletFNN,block_bootstrap,10000,1080.3,72.02,1034.69,1142.39,1145.21,1120.01,0.822,0.01,0.0
11,90day,LSTM,block_bootstrap,10000,1016.35,59.56,1034.69,314.92,315.7,585.69,2.311,5.898,0.0
11,90day,FeedForwardNN,block_bootstrap,10000,1026.96,64.69,1034.69,440.1,441.18,703.93,1.866,3.455,0.0
11,mid90day,HBA,burn_analysis,54,128.49,47.99,91.1,834.85,840.01,843.61,1.078,0.331,0.0
11,mid90day,Alaton,ou_gaussian,100000,46.7,19.57,91.1,4.29,4.32,38.79,12.475,194.214,0.0
11,mid90day,Benth,ou_benth,100000,133.42,51.42,91.1,932.34,938.11,912.42,1.089,1.093,0.0
11,mid90day,XGB,block_bootstrap,10000,0.0,0.0,91.1,0.0,0.0,0.0,,,0.0
11,mid90day,WaveletFNN,block_bootstrap,10000,0.0,0.0,91.1,0.0,0.0,0.0,,,0.0
11,mid90day,LSTM,block_bootstrap,10000,0.0,0.0,91.1,0.0,0.0,0.0,,,0.0
11,mid90day,FeedForwardNN,block_bootstrap,10000,0.0,0.0,91.1,0.0,0.0,0.0,,,0.0
24,90day,HBA,burn_analysis,54,1113.9,113.26,1040.78,1724.13,1728.39,1961.55,1.17,0.695,0.0
24,90day,Alaton,ou_gaussian,100000,1104.14,51.38,1040.78,1316.99,1320.24,935.0,0.422,-0.383,0.0
24,90day,Benth,ou_benth,100000,1163.2,95.84,1040.78,2529.45,2535.7,1762.45,0.446,-0.266,0.0
24,90day,XGB,block_bootstrap,10000,1041.02,66.17,1040.78,530.52,531.83,766.59,1.591,2.174,0.0
24,90day,WaveletFNN,block_bootstrap,10000,1042.0,73.08,1040.78,595.29,596.76,861.21,1.56,1.965,0.0
24,90day,LSTM,block_bootstrap,10000,1041.24,52.83,1040.78,423.64,424.69,609.64,1.573,2.075,0.0
24,90day,FeedForwardNN,block_bootstrap,10000,1030.66,55.16,1040.78,344.7,345.56,576.62,1.985,3.966,0.0
24,mid90day,HBA,burn_analysis,54,128.61,45.99,95.56,756.85,761.53,787.8,1.274,0.984,0.0
24,mid90day,Alaton,ou_gaussian,100000,51.51,20.78,95.56,5.8,5.83,47.3,11.528,167.497,0.0
24,mid90day,Benth,ou_benth,100000,134.54,52.13,95.56,884.39,889.85,907.77,1.173,1.38,0.0
24,mid90day,XGB,block_bootstrap,10000,0.0,0.0,95.56,0.0,0.0,0.0,,,0.0
24,mid90day,WaveletFNN,block_bootstrap,10000,0.0,0.0,95.56,0.0,0.0,0.0,,,0.0
24,mid90day,LSTM,block_bootstrap,10000,0.0,0.0,95.56,0.0,0.0,0.0,,,0.0
24,mid90day,FeedForwardNN,block_bootstrap,10000,0.0,0.0,95.56,0.0,0.0,0.0,,,0.0
27,90day,HBA,burn_analysis,31,1120.14,120.63,1113.22,1028.93,1031.47,1377.69,1.29,0.265,0.0
27,90day,Alaton,ou_gaussian,100000,416.35,135.48,1113.22,0.0,0.0,0.0,,,0.0
27,90day,Benth,ou_benth,100000,1201.0,90.03,1113.22,1907.35,1912.06,1553.44,0.605,-0.208,0.0
27,90day,XGB,block_bootstrap,10000,1138.61,68.84,1113.22,838.78,840.85,968.16,1.141,0.763,0.0
27,90day,WaveletFNN,block_bootstrap,10000,1074.07,93.12,1113.22,409.53,410.54,805.88,2.393,6.075,0.0
27,90day,LSTM,block_bootstrap,10000,1129.37,59.75,1113.22,653.29,654.91,808.35,1.28,1.168,0.0
27,90day,FeedForwardNN,block_bootstrap,10000,1110.13,69.54,1113.22,523.86,525.15,802.42,1.743,2.786,0.0
27,mid90day,HBA,burn_analysis,34,100.11,39.06,87.03,440.7,443.42,585.89,2.117,4.376,0.0
27,mid90day,Alaton,ou_gaussian,100000,737.7,130.94,87.03,12933.36,13013.34,2618.82,0.07,0.039,8749.2
27,mid90day,Benth,ou_benth,100000,87.67,39.64,87.03,318.11,320.07,526.09,2.119,5.16,0.0
27,mid90day,XGB,block_bootstrap,10000,0.0,0.0,87.03,0.0,0.0,0.0,,,0.0
27,mid90day,WaveletFNN,block_bootstrap,10000,0.0,0.0,87.03,0.0,0.0,0.0,,,0.0
27,mid90day,LSTM,block_bootstrap,10000,0.0,0.0,87.03,0.0,0.0,0.0,,,0.0
27,mid90day,FeedForwardNN,block_bootstrap,10000,0.0,0.0,87.03,0.0,0.0,0.0,,,0.0
28,90day,HBA,burn_analysis,54,1042.75,95.46,1009.85,1074.44,1077.09,1492.18,1.433,0.916,0.0
28,90day,Alaton,ou_gaussian,100000,1044.78,45.95,1009.85,815.13,817.15,747.85,0.767,-0.019,0.0
28,90day,Benth,ou_benth,100000,1075.51,71.68,1009.85,1444.29,1447.86,1229.2,0.705,0.007,0.0
28,90day,XGB,block_bootstrap,10000,991.82,54.86,1009.85,281.23,281.92,522.56,2.239,5.273,0.0
28,90day,WaveletFNN,block_bootstrap,10000,998.54,58.4,1009.85,358.24,359.13,605.17,2.032,4.302,0.0
28,90day,LSTM,block_bootstrap,10000,1000.88,42.39,1009.85,254.43,255.06,432.2,2.055,4.481,0.0
28,90day,FeedForwardNN,block_bootstrap,10000,1009.26,49.21,1009.85,385.44,386.4,576.94,1.704,2.689,0.0
28,mid90day,HBA,burn_analysis,54,219.16,66.91,159.64,1285.13,1293.08,1204.48,0.799,-0.427,0.0
28,mid90day,Alaton,ou_gaussian,100000,176.01,35.07,159.64,467.14,470.03,528.95,1.159,0.918,0.0
28,mid90day,Benth,ou_benth,100000,227.03,55.81,159.64,1385.66,1394.23,1041.9,0.666,0.174,0.0
28,mid90day,XGB,block_bootstrap,10000,0.0,0.0,159.64,0.0,0.0,0.0,,,0.0
28,mid90day,WaveletFNN,block_bootstrap,10000,0.0,0.0,159.64,0.0,0.0,0.0,,,0.0
28,mid90day,LSTM,block_bootstrap,10000,0.0,0.0,159.64,0.0,0.0,0.0,,,0.0
28,mid90day,FeedForwardNN,block_bootstrap,10000,0.0,0.0,159.64,0.0,0.0,0.0,,,0.0
32,90day,HBA,burn_analysis,33,1089.19,99.34,1070.84,969.03,971.42,1410.25,1.766,2.659,0.0
32,90day,Alaton,ou_gaussian,100000,892.78,96.77,1070.84,25.61,25.67,184.17,9.805,119.509,0.0
32,90day,Benth,ou_benth,100000,1135.49,83.45,1070.84,1497.27,1500.96,1368.4,0.78,0.054,0.0
32,90day,XGB,block_bootstrap,10000,1076.97,61.25,1070.84,551.11,552.47,754.25,1.495,1.865,0.0
32,90day,WaveletFNN,block_bootstrap,10000,1151.8,69.71,1070.84,1701.3,1705.5,1245.27,0.442,-0.438,0.0
32,90day,LSTM,block_bootstrap,10000,1071.38,54.2,1070.84,437.04,438.12,633.69,1.62,2.372,0.0
32,90day,FeedForwardNN,block_bootstrap,10000,1089.89,60.29,1070.84,696.34,698.06,826.92,1.209,0.96,0.0
32,mid90day,HBA,burn_analysis,41,180.03,51.86,147.14,810.1,815.11,828.22,1.059,0.307,0.0
32,mid90day,Alaton,ou_gaussian,100000,403.96,93.61,147.14,5105.24,5136.81,1870.88,0.11,-0.123,2104.97
32,mid90day,Benth,ou_benth,100000,166.25,53.25,147.14,627.89,631.77,796.28,1.467,2.092,0.0
32,mid90day,XGB,block_bootstrap,10000,0.0,0.0,147.14,0.0,0.0,0.0,,,0.0
32,mid90day,WaveletFNN,block_bootstrap,10000,0.0,0.0,147.14,0.0,0.0,0.0,,,0.0
32,mid90day,LSTM,block_bootstrap,10000,0.0,0.0,147.14,0.0,0.0,0.0,,,0.0
32,mid90day,FeedForwardNN,block_bootstrap,10000,0.0,0.0,147.14,0.0,0.0,0.0,,,0.0
44,90day,HBA,burn_analysis,54,1256.7,138.3,1144.11,2488.71,2494.85,2476.91,0.828,-0.329,0.0
44,90day,Alaton,ou_gaussian,100000,1215.49,57.95,1144.11,1484.53,1488.19,1052.86,0.416,-0.413,0.0
44,90day,Benth,ou_benth,100000,1285.38,104.66,1144.11,2900.99,2908.15,1941.08,0.401,-0.292,0.0
44,90day,XGB,block_bootstrap,10000,1169.83,68.58,1144.11,841.73,843.8,960.16,1.113,0.595,0.0
44,90day,WaveletFNN,block_bootstrap,10000,1169.72,73.4,1144.11,876.16,878.33,1015.69,1.125,0.637,0.0
44,90day,LSTM,block_bootstrap,10000,1139.3,53.06,1144.11,377.04,377.97,579.89,1.738,2.753,0.0
44,90day,FeedForwardNN,block_bootstrap,10000,1140.65,54.06,1144.11,396.88,397.86,609.11,1.735,2.758,0.0
44,mid90day,HBA,burn_analysis,54,131.06,45.35,96.6,798.87,803.81,739.03,1.023,0.384,0.0
44,mid90day,Alaton,ou_gaussian,100000,51.55,22.61,96.6,8.77,8.83,62.6,10.436,145.598,0.0
44,mid90day,Benth,ou_benth,100000,140.33,58.06,96.6,987.18,993.28,1017.87,1.181,1.363,0.0
44,mid90day,XGB,block_bootstrap,10000,0.0,0.0,96.6,0.0,0.0,0.0,,,0.0
44,mid90day,WaveletFNN,block_bootstrap,10000,0.0,0.0,96.6,0.0,0.0,0.0,,,0.0
44,mid90day,LSTM,block_bootstrap,10000,0.0,0.0,96.6,0.0,0.0,0.0,,,0.0
44,mid90day,FeedForwardNN,block_bootstrap,10000,0.0,0.0,96.6,0.0,0.0,0.0,,,0.0
52,90day,HBA,burn_analysis,54,989.66,100.29,935.81,1405.38,1408.85,1640.09,1.11,0.377,0.0
52,90day,Alaton,ou_gaussian,100000,994.3,48.03,935.81,1216.9,1219.91,874.15,0.464,-0.317,0.0
52,90day,Benth,ou_benth,100000,1036.35,84.86,935.81,2099.66,2104.85,1537.22,0.502,-0.229,0.0
52,90day,XGB,block_bootstrap,10000,932.88,59.66,935.81,445.79,446.89,668.36,1.683,2.527,0.0
52,90day,WaveletFNN,block_bootstrap,10000,933.75,71.34,935.81,547.86,549.21,817.54,1.653,2.39,0.0
52,90day,LSTM,block_bootstrap,10000,913.39,53.88,935.81,241.19,241.79,476.21,2.406,6.095,0.0
52,90day,FeedForwardNN,block_bootstrap,10000,970.15,55.35,935.81,863.14,865.27,868.23,0.936,0.386,0.0
52,mid90day,HBA,burn_analysis,54,120.21,43.76,89.35,729.31,733.82,726.08,1.392,2.135,0.0
52,mid90day,Alaton,ou_gaussian,100000,57.96,20.88,89.35,17.32,17.42,83.4,6.608,53.802,0.0
52,mid90day,Benth,ou_benth,100000,126.59,47.01,89.35,830.47,835.61,825.93,1.117,1.177,0.0
52,mid90day,XGB,block_bootstrap,10000,0.0,0.0,89.35,0.0,0.0,0.0,,,0.0
52,mid90day,WaveletFNN,block_bootstrap,10000,0.0,0.0,89.35,0.0,0.0,0.0,,,0.0
52,mid90day,LSTM,block_bootstrap,10000,0.0,0.0,89.35,0.0,0.0,0.0,,,0.0
52,mid90day,FeedForwardNN,block_bootstrap,10000,0.0,0.0,89.35,0.0,0.0,0.0,,,0.0
53,90day,HBA,burn_analysis,54,951.88,95.15,903.88,1275.66,1278.81,1548.86,1.261,0.806,0.0
53,90day,Alaton,ou_gaussian,100000,948.96,47.11,903.88,983.98,986.4,809.48,0.609,-0.241,0.0
53,90day,Benth,ou_benth,100000,986.38,72.68,903.88,1734.86,1739.14,1304.56,0.549,-0.14,0.0
53,90day,XGB,block_bootstrap,10000,916.44,48.92,903.88,528.45,529.75,653.35,1.295,1.275,0.0
53,90day,WaveletFNN,block_bootstrap,10000,898.75,52.31,903.88,365.07,365.97,587.57,1.874,3.406,0.0
53,90day,LSTM,block_bootstrap,10000,897.1,38.27,903.88,240.52,241.12,405.16,2.024,4.302,0.0
53,90day,FeedForwardNN,block_bootstrap,10000,927.16,41.97,903.88,613.62,615.13,644.7,0.988,0.392,0.0
53,mid90day,HBA,burn_analysis,54,182.4,51.95,162.54,628.19,632.07,774.88,1.18,0.668,0.0
53,mid90day,Alaton,ou_gaussian,100000,134.62,32.97,162.54,78.93,79.42,222.55,3.684,15.885,0.0
53,mid90day,Benth,ou_benth,100000,189.47,53.16,162.54,728.24,732.75,837.07,1.275,1.437,0.0
53,mid90day,XGB,block_bootstrap,10000,0.0,0.0,162.54,0.0,0.0,0.0,,,0.0
53,mid90day,WaveletFNN,block_bootstrap,10000,0.0,0.0,162.54,0.0,0.0,0.0,,,0.0
53,mid90day,LSTM,block_bootstrap,10000,0.0,0.0,162.54,0.0,0.0,0.0,,,0.0
53,mid90day,FeedForwardNN,block_bootstrap,10000,0.0,0.0,162.54,0.0,0.0,0.0,,,0.0
