region,oos_year,model,resid_sd,cdd_sd_own,payoff_sd_own,cdd_sd_common,cov_rpi,corr_rpi,N_star,V_own,K,TTM,he_sv_own,he_sv_common,win_corr,actual_cCDD,actual_revenue
11,2015,HBA,3.135,58.47,1054.11,55.02,-61940.56,-0.7252,0.05574,1416.0738,409.3,0.4959,0.4621,0.3055,-0.743,446.56,1456.0
11,2015,Alaton,3.179,58.47,1075.25,56.85,-64075.09,-0.7297,0.05542,1578.4664,409.3,0.4959,0.4634,0.4717,-0.743,446.56,1456.0
11,2015,Benth,3.175,58.28,1100.77,55.0,-66064.77,-0.7379,0.05452,1732.2411,409.3,0.4959,0.4768,0.3518,-0.743,446.56,1456.0
11,2015,XGB,3.129,57.53,1056.26,58.14,-61549.85,-0.7201,0.05517,1503.2664,409.3,0.4959,0.4563,0.47,-0.743,446.56,1456.0
11,2015,WaveletFNN,3.347,66.48,1321.07,58.73,-96376.56,-0.8162,0.05522,2992.7797,409.3,0.4959,0.6139,0.5099,-0.743,446.56,1456.0
11,2015,LSTM,2.978,51.16,1012.48,60.03,-55119.99,-0.7118,0.05377,2186.784,409.3,0.4959,0.4447,0.604,-0.743,446.56,1456.0
11,2015,FeedForwardNN,3.082,53.27,1056.99,58.61,-61261.01,-0.7418,0.05483,2559.9814,409.3,0.4959,0.4809,0.5646,-0.743,446.56,1456.0
11,2016,HBA,3.092,57.04,1075.58,54.1,-64229.75,-0.6993,0.05552,1633.9406,410.1,0.4959,0.4466,0.2897,-0.635,354.65,800.0
11,2016,Alaton,3.143,58.77,1119.2,56.58,-69042.16,-0.712,0.05512,1837.5512,410.1,0.4959,0.4637,0.4593,-0.635,354.65,800.0
11,2016,Benth,3.135,58.0,1117.75,53.78,-69893.99,-0.7217,0.05594,1963.2722,410.1,0.4959,0.4799,0.3503,-0.635,354.65,800.0
11,2016,XGB,3.083,57.29,1091.28,56.69,-65432.08,-0.7047,0.05494,1785.4958,410.1,0.4959,0.4509,0.4496,-0.635,354.65,800.0
11,2016,WaveletFNN,3.35,63.39,1055.19,54.89,-66125.55,-0.698,0.05939,1136.2935,410.1,0.4959,0.4508,0.3218,-0.635,354.65,800.0
11,2016,LSTM,2.987,45.13,107.36,52.41,-1895.82,-0.2306,0.16449,18.4588,410.1,0.4959,0.0577,0.2934,-0.635,354.65,800.0
11,2016,FeedForwardNN,3.096,49.58,349.86,52.72,-11333.34,-0.407,0.09259,137.5426,410.1,0.4959,0.1597,0.2712,-0.635,354.65,800.0
11,2017,HBA,2.963,45.37,782.38,43.86,-36641.34,-0.3225,0.05986,901.9926,347.3,0.4959,0.0524,0.039,-0.475,468.58,1312.0
11,2017,Alaton,2.969,45.3,753.38,45.63,-34968.02,-0.3237,0.06161,814.5289,347.3,0.4959,0.0652,0.0874,-0.475,468.58,1312.0
11,2017,Benth,2.967,45.32,780.09,44.85,-37296.11,-0.3271,0.06129,902.3276,347.3,0.4959,0.0635,0.0413,-0.475,468.58,1312.0
11,2017,XGB,2.956,45.3,745.61,45.32,-33562.85,-0.3143,0.06037,772.5708,347.3,0.4959,0.0524,0.0623,-0.475,468.58,1312.0
11,2017,WaveletFNN,3.163,50.28,965.53,45.68,-53174.33,-0.3939,0.05704,1547.189,347.3,0.4959,0.0902,0.0747,-0.475,468.58,1312.0
11,2017,LSTM,2.849,41.89,829.54,45.61,-39865.01,-0.3447,0.05793,1731.1981,347.3,0.4959,0.0738,0.0886,-0.475,468.58,1312.0
11,2017,FeedForwardNN,2.929,43.6,870.37,44.95,-44425.28,-0.3747,0.05864,2130.5354,347.3,0.4959,0.0792,0.098,-0.475,468.58,1312.0
11,2018,HBA,3.042,55.61,981.34,52.04,-14309.3,-0.1044,0.01486,1230.3492,411.5,0.4959,0.0068,0.0005,-0.43,580.07,1232.0
11,2018,Alaton,3.101,56.42,1034.11,55.72,-13157.74,-0.0894,0.0123,1454.6226,411.5,0.4959,0.0024,0.0053,-0.43,580.07,1232.0
11,2018,Benth,3.099,56.98,1056.42,52.76,-14143.2,-0.0956,0.01267,1577.1195,411.5,0.4959,0.0029,0.0054,-0.43,580.07,1232.0
11,2018,XGB,3.034,54.99,947.25,54.73,-11948.92,-0.0898,0.01332,1113.5805,411.5,0.4959,0.0039,0.0027,-0.43,580.07,1232.0
11,2018,WaveletFNN,3.269,62.51,1161.56,54.02,-19537.48,-0.1227,0.01448,1687.9874,411.5,0.4959,0.0099,0.0013,-0.43,580.07,1232.0
11,2018,LSTM,2.908,50.84,1016.84,58.25,-17276.49,-0.1234,0.01671,3988.9424,411.5,0.4959,0.0084,0.0102,-0.43,580.07,1232.0
11,2018,FeedForwardNN,3.053,54.47,1088.47,56.0,-17432.01,-0.1177,0.01471,3576.2889,411.5,0.4959,0.0061,0.0062,-0.43,580.07,1232.0
11,2019,HBA,3.08,56.2,1023.38,53.18,-13068.01,-0.0942,0.01248,1381.3676,415.0,0.4959,0.0047,0.002,-0.447,459.04,1408.0
11,2019,Alaton,3.105,57.1,1072.91,56.28,-11041.46,-0.0754,0.00959,1662.0703,415.0,0.4959,0.0014,0.0045,-0.447,459.04,1408.0
11,2019,Benth,3.101,56.92,1074.0,53.41,-10232.52,-0.0693,0.00887,1680.3802,415.0,0.4959,0.0015,0.0042,-0.447,459.04,1408.0
11,2019,XGB,3.066,55.74,1009.39,55.78,-11429.58,-0.0832,0.01122,1351.3779,415.0,0.4959,0.0029,0.004,-0.447,459.04,1408.0
11,2019,WaveletFNN,3.236,59.42,981.24,53.67,-12513.39,-0.0924,0.013,1026.4088,415.0,0.4959,0.0061,0.0008,-0.447,459.04,1408.0
11,2019,LSTM,2.954,50.26,859.01,57.56,-5931.37,-0.0503,0.00804,1017.4261,415.0,0.4959,-0.0004,0.0066,-0.447,459.04,1408.0
11,2019,FeedForwardNN,3.028,50.68,831.95,54.56,-9055.09,-0.0786,0.01308,869.4193,415.0,0.4959,0.0034,0.0008,-0.447,459.04,1408.0
11,2020,HBA,3.035,42.88,672.21,38.67,-8663.18,-0.0934,0.01917,642.6281,195.8,0.4137,0.0051,0.0017,-0.505,288.82,1248.0
11,2020,Alaton,3.118,44.63,773.16,42.91,-11075.09,-0.104,0.01853,925.4491,195.8,0.4137,0.0029,0.0043,-0.505,288.82,1248.0
11,2020,Benth,3.114,44.51,770.6,39.91,-10009.86,-0.0949,0.01686,901.3984,195.8,0.4137,0.0024,0.0019,-0.505,288.82,1248.0
11,2020,XGB,3.033,42.48,668.34,42.57,-10517.44,-0.1139,0.02355,636.1657,195.8,0.4137,0.0087,0.0065,-0.505,288.82,1248.0
11,2020,WaveletFNN,3.266,49.25,916.23,41.35,-15768.49,-0.1243,0.01878,1266.5741,195.8,0.4137,0.0077,0.0048,-0.505,288.82,1248.0
11,2020,LSTM,2.906,42.36,775.91,48.92,-9980.2,-0.0928,0.01658,1048.4792,195.8,0.4137,0.0021,0.0042,-0.505,288.82,1248.0
11,2020,FeedForwardNN,2.974,39.73,654.85,44.59,-8960.8,-0.0985,0.0209,682.4213,195.8,0.4137,0.0067,0.0115,-0.505,288.82,1248.0
11,2021,HBA,3.038,42.96,756.79,39.48,-9677.93,-0.0956,0.0169,912.1076,197.6,0.4137,0.0029,0.0036,-0.517,110.89,1328.0
11,2021,Alaton,3.081,44.73,838.88,43.02,-12186.17,-0.1094,0.01732,1262.4716,197.6,0.4137,0.0063,0.0013,-0.517,110.89,1328.0
11,2021,Benth,3.082,44.42,819.02,39.71,-12625.47,-0.1146,0.01882,1162.6815,197.6,0.4137,0.0063,0.0015,-0.517,110.89,1328.0
11,2021,XGB,3.02,42.65,738.43,43.16,-9765.31,-0.0995,0.01791,862.6719,197.6,0.4137,0.0065,0.0081,-0.517,110.89,1328.0
11,2021,WaveletFNN,3.293,49.75,936.72,42.1,-16160.9,-0.1308,0.01842,1400.2171,197.6,0.4137,0.0081,0.0039,-0.517,110.89,1328.0
11,2021,LSTM,2.959,33.78,128.04,39.78,-449.96,-0.0257,0.02745,28.592,197.6,0.4137,0.0002,0.001,-0.517,110.89,1328.0
11,2021,FeedForwardNN,3.054,32.99,76.83,35.76,-212.07,-0.0199,0.03593,12.0943,197.6,0.4137,0.0,0.0003,-0.517,110.89,1328.0
11,2022,HBA,3.079,44.21,713.78,40.43,-9994.9,-0.1085,0.01962,690.9718,195.9,0.4137,0.0039,0.0024,-0.534,274.67,1376.0
11,2022,Alaton,3.155,45.65,802.73,44.07,-14330.7,-0.1349,0.02224,978.3148,195.9,0.4137,0.0086,0.008,-0.534,274.67,1376.0
11,2022,Benth,3.15,46.01,805.7,41.18,-13133.82,-0.1258,0.02023,959.3901,195.9,0.4137,0.0071,0.0038,-0.534,274.67,1376.0
11,2022,XGB,3.068,43.85,734.46,44.59,-10508.29,-0.1089,0.01948,786.0945,195.9,0.4137,0.0042,0.0031,-0.534,274.67,1376.0
11,2022,WaveletFNN,3.346,50.27,845.85,41.44,-15591.79,-0.1397,0.02179,893.3232,195.9,0.4137,0.0082,0.0048,-0.534,274.67,1376.0
11,2022,LSTM,2.931,44.67,892.46,51.56,-18865.89,-0.1657,0.02369,2392.4448,195.9,0.4137,0.0124,0.0218,-0.534,274.67,1376.0
11,2022,FeedForwardNN,3.019,42.27,783.34,46.58,-11211.07,-0.1105,0.01827,1101.0612,195.9,0.4137,0.003,0.006,-0.534,274.67,1376.0
11,2023,HBA,3.132,44.98,746.84,41.18,-8495.44,-0.0864,0.01523,803.9487,197.4,0.4137,0.0031,0.0009,-0.45,204.18,1343.98
11,2023,Alaton,3.192,46.42,849.93,45.47,-12551.13,-0.111,0.01737,1175.1929,197.4,0.4137,0.0068,0.0089,-0.45,204.18,1343.98
11,2023,Benth,3.189,46.6,834.91,41.97,-12449.32,-0.1113,0.01786,1088.3094,197.4,0.4137,0.0069,0.002,-0.45,204.18,1343.98
11,2023,XGB,3.117,44.7,719.92,44.72,-9488.84,-0.1016,0.01831,717.0249,197.4,0.4137,0.0051,0.0038,-0.45,204.18,1343.98
11,2023,WaveletFNN,3.387,49.98,894.82,42.21,-13414.39,-0.1165,0.01675,1122.3645,197.4,0.4137,0.0056,-0.0005,-0.45,204.18,1343.98
11,2023,LSTM,2.97,39.63,735.35,47.98,-7375.83,-0.0773,0.01364,1072.2847,197.4,0.4137,0.0015,0.0072,-0.45,204.18,1343.98
11,2023,FeedForwardNN,3.048,41.77,812.14,46.77,-10865.58,-0.101,0.01647,1466.734,197.4,0.4137,0.0053,0.0067,-0.45,204.18,1343.98
11,2024,HBA,3.068,43.22,696.44,39.51,-7420.57,-0.0829,0.0153,688.916,197.5,0.4137,0.002,0.0016,-0.472,249.74,1052.32
11,2024,Alaton,3.135,45.24,829.43,44.38,-13642.19,-0.1235,0.01983,1135.8847,197.5,0.4137,0.0087,0.0015,-0.472,249.74,1052.32
11,2024,Benth,3.129,44.33,784.88,40.55,-11247.72,-0.1116,0.01826,974.4245,197.5,0.4137,0.0058,0.0023,-0.472,249.74,1052.32
11,2024,XGB,3.068,44.11,775.69,44.34,-10130.45,-0.1008,0.01684,939.7446,197.5,0.4137,0.0052,0.0061,-0.472,249.74,1052.32
11,2024,WaveletFNN,3.24,41.7,379.68,37.55,-3795.87,-0.0743,0.02633,182.7351,197.5,0.4137,0.0032,0.0016,-0.472,249.74,1052.32
11,2024,LSTM,2.935,37.98,392.2,47.6,-2861.04,-0.0563,0.0186,216.7635,197.5,0.4137,0.0013,0.0065,-0.472,249.74,1052.32
11,2024,FeedForwardNN,3.039,44.06,806.97,47.48,-10135.42,-0.0969,0.01556,1093.5526,197.5,0.4137,0.0047,0.003,-0.472,249.74,1052.32
24,2015,HBA,3.022,66.56,1245.0,63.32,-71063.34,-0.759,0.04585,1892.752,694.5,0.5808,0.5757,0.389,-0.8,803.34,1216.0
24,2015,Alaton,3.095,68.43,1289.52,65.91,-76248.47,-0.773,0.04585,2040.1077,694.5,0.5808,0.5927,0.5623,-0.8,803.34,1216.0
24,2015,Benth,3.091,68.91,1315.25,63.98,-78177.51,-0.7784,0.04519,2243.2153,694.5,0.5808,0.6001,0.4449,-0.8,803.34,1216.0
24,2015,XGB,3.023,65.47,1250.97,65.74,-70746.29,-0.7616,0.04521,2089.4466,694.5,0.5808,0.5817,0.5693,-0.8,803.34,1216.0
24,2015,WaveletFNN,3.344,81.09,1621.66,69.11,-117912.44,-0.8694,0.04484,5370.3845,694.5,0.5808,0.7556,0.6837,-0.8,803.34,1216.0
24,2015,LSTM,2.752,52.82,1053.77,67.82,-48545.21,-0.7029,0.04372,2864.9961,694.5,0.5808,0.4912,0.6636,-0.8,803.34,1216.0
24,2015,FeedForwardNN,2.872,56.24,1066.93,66.1,-51165.14,-0.6981,0.04495,1747.8879,694.5,0.5808,0.4775,0.6118,-0.8,803.34,1216.0
24,2016,HBA,3.008,65.42,1266.97,63.59,-65513.1,-0.6665,0.04081,2270.523,696.8,0.5808,0.4616,0.323,-0.668,627.85,576.0
24,2016,Alaton,3.072,67.34,1309.38,65.91,-68637.22,-0.6739,0.04003,2445.6869,696.8,0.5808,0.4711,0.4749,-0.668,627.85,576.0
24,2016,Benth,3.063,68.5,1336.19,64.15,-73468.3,-0.6969,0.04115,2619.2319,696.8,0.5808,0.4986,0.383,-0.668,627.85,576.0
24,2016,XGB,3.02,64.31,1150.03,66.19,-57964.88,-0.6427,0.04383,1527.5278,696.8,0.5808,0.4219,0.4403,-0.668,627.85,576.0
24,2016,WaveletFNN,3.368,78.04,1479.01,65.72,-92229.43,-0.7293,0.04216,2293.1896,696.8,0.5808,0.5598,0.4689,-0.668,627.85,576.0
24,2016,LSTM,2.782,50.56,256.06,62.98,-5707.15,-0.3032,0.08704,77.2607,696.8,0.5808,0.1035,0.3735,-0.668,627.85,576.0
24,2016,FeedForwardNN,2.909,54.15,292.72,63.14,-7121.67,-0.3259,0.08312,88.9376,696.8,0.5808,0.1311,0.3022,-0.668,627.85,576.0
24,2017,HBA,2.995,48.51,846.48,47.07,-14748.84,-0.124,0.02058,978.387,341.5,0.4959,0.0063,0.0026,-0.419,444.36,1104.0
24,2017,Alaton,3.019,48.06,812.5,47.87,-13390.46,-0.1177,0.02028,889.7099,341.5,0.4959,0.0042,0.0113,-0.419,444.36,1104.0
24,2017,Benth,3.018,48.53,848.57,48.34,-15747.51,-0.1308,0.02187,990.7125,341.5,0.4959,0.0081,0.0069,-0.419,444.36,1104.0
24,2017,XGB,2.998,48.59,870.2,48.15,-16351.99,-0.1302,0.02159,1084.7975,341.5,0.4959,0.0086,0.0091,-0.419,444.36,1104.0
24,2017,WaveletFNN,3.253,54.89,891.82,47.54,-19499.69,-0.1513,0.02452,856.2952,341.5,0.4959,0.0142,0.0096,-0.419,444.36,1104.0
24,2017,LSTM,2.667,36.18,723.16,47.9,-11895.39,-0.1194,0.02275,2194.6455,341.5,0.4959,0.0068,0.0172,-0.419,444.36,1104.0
24,2017,FeedForwardNN,2.818,38.87,775.2,47.27,-12643.25,-0.117,0.02104,2054.1851,341.5,0.4959,0.0068,0.0142,-0.419,444.36,1104.0
24,2018,HBA,2.933,41.97,670.93,37.05,-574.1,-0.0061,0.00128,643.5452,182.4,0.4137,-0.0001,0.0,-0.319,279.59,1104.0
24,2018,Alaton,3.052,43.48,750.23,40.77,-2487.67,-0.0235,0.00442,872.9019,182.4,0.4137,0.0005,0.0001,-0.319,279.59,1104.0
24,2018,Benth,3.053,44.04,778.12,38.6,-2280.85,-0.0207,0.00377,957.5628,182.4,0.4137,0.0002,0.0001,-0.319,279.59,1104.0
24,2018,XGB,2.924,39.57,516.6,39.59,-915.74,-0.0126,0.00343,367.2852,182.4,0.4137,0.0001,0.0001,-0.319,279.59,1104.0
24,2018,WaveletFNN,3.166,38.45,193.73,35.04,-476.45,-0.0172,0.0127,51.1011,182.4,0.4137,0.0003,0.0,-0.319,279.59,1104.0
24,2018,LSTM,2.674,36.78,731.75,45.49,-1986.49,-0.0194,0.00371,1819.0677,182.4,0.4137,0.0004,0.0005,-0.319,279.59,1104.0
24,2018,FeedForwardNN,2.807,38.73,771.13,46.01,-1784.16,-0.0166,0.003,1879.4917,182.4,0.4137,0.0002,-0.0001,-0.319,279.59,1104.0
24,2019,HBA,3.018,41.86,709.19,38.28,4390.82,0.0435,-0.00873,774.6042,184.4,0.4137,0.0014,0.0018,-0.311,151.65,1224.0
24,2019,Alaton,3.09,44.4,800.83,41.96,4655.4,0.0413,-0.00726,1061.9702,184.4,0.4137,0.0006,0.0006,-0.311,151.65,1224.0
24,2019,Benth,3.088,43.43,788.03,40.17,5282.09,0.0472,-0.00851,1092.1285,184.4,0.4137,0.0007,0.0006,-0.311,151.65,1224.0
24,2019,XGB,3.01,42.56,746.38,42.7,3665.03,0.035,-0.00658,898.7263,184.4,0.4137,0.0006,0.0012,-0.311,151.65,1224.0
24,2019,WaveletFNN,3.36,44.72,494.84,37.95,2322.66,0.0336,-0.00949,281.9575,184.4,0.4137,0.0006,0.0002,-0.311,151.65,1224.0
24,2019,LSTM,2.792,34.38,368.74,42.32,723.09,0.0142,-0.00532,205.2664,184.4,0.4137,0.0001,0.0,-0.311,151.65,1224.0
24,2019,FeedForwardNN,2.89,34.25,304.54,39.84,973.38,0.023,-0.0105,149.0018,184.4,0.4137,0.0004,0.0014,-0.311,151.65,1224.0
24,2020,HBA,2.966,40.98,647.8,37.91,246.88,0.0027,-0.00059,611.8226,183.7,0.4137,0.0,0.0,-0.411,284.4,976.0
24,2020,Alaton,3.074,43.98,778.7,42.25,565.07,0.0052,-0.00093,972.459,183.7,0.4137,0.0001,0.0,-0.411,284.4,976.0
24,2020,Benth,3.072,43.94,774.14,39.47,-1576.43,-0.0143,0.00263,948.7974,183.7,0.4137,0.0003,0.0003,-0.411,284.4,976.0
24,2020,XGB,2.977,42.46,725.42,42.45,-2664.94,-0.0262,0.00506,803.2868,183.7,0.4137,0.0008,-0.0,-0.411,284.4,976.0
24,2020,WaveletFNN,3.315,49.88,868.83,41.98,-1812.01,-0.0148,0.0024,960.3209,183.7,0.4137,0.0001,-0.0,-0.411,284.4,976.0
24,2020,LSTM,2.741,39.79,786.56,48.54,-2172.31,-0.02,0.00351,1548.4605,183.7,0.4137,0.0005,0.0003,-0.411,284.4,976.0
24,2020,FeedForwardNN,2.825,39.15,764.87,46.21,-1859.78,-0.0175,0.00318,1374.6187,183.7,0.4137,0.0002,0.0,-0.411,284.4,976.0
24,2021,HBA,2.956,42.07,736.49,37.98,-5400.71,-0.0538,0.00996,866.6396,185.7,0.4137,0.0018,0.0003,-0.439,115.78,1168.0
24,2021,Alaton,3.027,44.66,844.35,41.7,-6335.37,-0.0549,0.00889,1294.2514,185.7,0.4137,0.0018,0.0005,-0.439,115.78,1168.0
24,2021,Benth,3.029,44.08,825.56,39.44,-5738.77,-0.0508,0.00842,1213.4821,185.7,0.4137,0.0006,0.0001,-0.439,115.78,1168.0
24,2021,XGB,2.929,42.87,793.22,43.11,-4265.05,-0.0393,0.00678,1076.6664,185.7,0.4137,0.0003,0.0014,-0.439,115.78,1168.0
24,2021,WaveletFNN,3.25,51.1,984.9,43.12,-5550.64,-0.0418,0.00572,1601.4065,185.7,0.4137,0.0,-0.0006,-0.439,115.78,1168.0
24,2021,LSTM,2.758,28.19,47.52,35.16,-88.51,-0.0134,0.0392,5.4871,185.7,0.4137,0.0004,-0.0,-0.439,115.78,1168.0
24,2021,FeedForwardNN,2.865,29.7,91.48,35.43,-314.31,-0.0248,0.03756,17.1783,185.7,0.4137,0.0003,0.0025,-0.439,115.78,1168.0
24,2022,HBA,2.973,41.64,664.05,37.1,-7251.13,-0.0836,0.01644,636.911,184.3,0.4137,0.0034,0.0009,-0.479,282.26,1128.0
24,2022,Alaton,3.085,43.99,790.55,41.5,-9593.81,-0.0899,0.01535,1018.2129,184.3,0.4137,0.004,0.0044,-0.479,282.26,1128.0
24,2022,Benth,3.082,44.0,782.6,38.79,-9675.46,-0.092,0.0158,983.0325,184.3,0.4137,0.0051,0.0011,-0.479,282.26,1128.0
24,2022,XGB,2.962,40.37,587.44,40.21,-5604.34,-0.0705,0.01624,490.6594,184.3,0.4137,0.0013,0.0011,-0.479,282.26,1128.0
24,2022,WaveletFNN,3.297,48.17,782.68,40.52,-10575.13,-0.1,0.01726,754.7458,184.3,0.4137,0.0055,0.0024,-0.479,282.26,1128.0
24,2022,LSTM,2.753,36.77,733.79,43.51,-8500.08,-0.087,0.01579,1818.1321,184.3,0.4137,0.0026,0.0053,-0.479,282.26,1128.0
24,2022,FeedForwardNN,2.847,38.7,773.92,44.44,-9992.12,-0.0981,0.01668,2400.6545,184.3,0.4137,0.0042,0.005,-0.479,282.26,1128.0
24,2023,HBA,3.038,43.27,719.97,38.64,-5589.39,-0.0573,0.01078,758.7304,186.2,0.4137,0.0014,0.0023,-0.465,214.72,1104.0
24,2023,Alaton,3.13,46.26,850.38,43.99,-8416.16,-0.075,0.01164,1199.6466,186.2,0.4137,0.0039,-0.0008,-0.465,214.72,1104.0
24,2023,Benth,3.129,45.49,824.26,40.66,-5862.22,-0.0546,0.00863,1094.2242,186.2,0.4137,0.0011,-0.0005,-0.465,214.72,1104.0
24,2023,XGB,3.029,44.13,787.07,43.77,-5185.78,-0.0496,0.00837,971.1379,186.2,0.4137,0.0006,0.0015,-0.465,214.72,1104.0
24,2023,WaveletFNN,3.364,53.12,1008.1,45.09,-8983.66,-0.0682,0.00884,1495.2656,186.2,0.4137,0.0015,0.0019,-0.465,214.72,1104.0
24,2023,LSTM,2.791,36.4,652.93,44.73,-4749.09,-0.0546,0.01114,819.8958,186.2,0.4137,0.0021,0.0011,-0.465,214.72,1104.0
24,2023,FeedForwardNN,2.896,35.18,592.87,42.57,-1776.97,-0.022,0.00506,633.7509,186.2,0.4137,-0.0006,0.0009,-0.465,214.72,1104.0
24,2024,HBA,2.972,42.1,682.99,37.91,-4161.14,-0.0467,0.00892,679.8182,186.7,0.4137,0.0003,-0.0002,-0.485,237.81,1008.0
24,2024,Alaton,3.057,44.37,819.97,42.22,-4233.7,-0.0384,0.0063,1187.3135,186.7,0.4137,-0.0003,0.002,-0.485,237.81,1008.0
24,2024,Benth,3.053,43.0,777.56,38.63,-5561.25,-0.0545,0.0092,1032.5442,186.7,0.4137,0.0017,0.001,-0.485,237.81,1008.0
24,2024,XGB,2.972,41.23,654.18,41.0,-3716.81,-0.0431,0.00869,636.6619,186.7,0.4137,0.0003,0.0003,-0.485,237.81,1008.0
24,2024,WaveletFNN,3.256,52.68,1037.85,43.8,-9393.45,-0.0708,0.00872,1988.2987,186.7,0.4137,0.0016,0.0018,-0.485,237.81,1008.0
24,2024,LSTM,2.745,37.47,668.09,46.05,-4647.49,-0.053,0.01041,815.2532,186.7,0.4137,0.0009,0.0009,-0.485,237.81,1008.0
24,2024,FeedForwardNN,2.837,40.3,765.72,45.7,-6262.41,-0.0625,0.01068,1175.561,186.7,0.4137,0.0016,0.0016,-0.485,237.81,1008.0
27,2015,HBA,2.968,58.91,1178.14,57.55,-66662.62,-0.6234,0.04803,3952.1725,539.2,0.5808,0.348,0.3188,-0.621,806.22,1088.0
27,2015,Alaton,5.243,124.38,2454.49,44.0,-291985.55,-0.8712,0.04847,5358.3337,539.2,0.5808,0.7381,0.0,-0.621,806.22,1088.0
27,2015,Benth,2.99,59.2,1183.9,57.59,-67187.37,-0.6263,0.04794,3959.6879,539.2,0.5808,0.3443,0.3394,-0.621,806.22,1088.0
27,2015,XGB,2.937,57.82,1156.3,57.41,-63072.63,-0.6056,0.04717,3635.0101,539.2,0.5808,0.3281,0.316,-0.621,806.22,1088.0
27,2015,WaveletFNN,3.586,71.9,721.73,53.19,-35458.09,-0.481,0.06807,374.8038,539.2,0.5808,0.2238,0.0168,-0.621,806.22,1088.0
27,2015,LSTM,2.691,48.19,963.75,58.47,-44962.95,-0.5776,0.04841,5495.0214,539.2,0.5808,0.2928,0.4415,-0.621,806.22,1088.0
27,2015,FeedForwardNN,2.856,54.35,1086.98,57.89,-57112.08,-0.6205,0.04834,5396.2261,539.2,0.5808,0.3433,0.3626,-0.621,806.22,1088.0
27,2016,HBA,3.028,61.32,1226.41,60.73,-62186.41,-0.5588,0.04135,4311.0346,545.4,0.5808,0.2436,0.2212,-0.588,630.8,800.0
27,2016,Alaton,5.242,125.2,2470.1,46.5,-258574.95,-0.8206,0.04238,5425.9456,545.4,0.5808,0.6211,0.0,-0.588,630.8,800.0
27,2016,Benth,3.037,63.15,1262.78,61.52,-66032.93,-0.5683,0.04141,4318.6412,545.4,0.5808,0.2552,0.2631,-0.588,630.8,800.0
27,2016,XGB,2.996,61.48,1229.69,61.4,-61413.42,-0.5494,0.04061,4239.6347,545.4,0.5808,0.2357,0.2372,-0.588,630.8,800.0
27,2016,WaveletFNN,3.787,85.8,1716.06,60.95,-127454.36,-0.7256,0.04328,5913.0962,545.4,0.5808,0.4664,0.2256,-0.588,630.8,800.0
27,2016,LSTM,2.783,51.15,965.12,60.91,-36855.78,-0.4124,0.03957,1463.6219,545.4,0.5808,0.1229,0.2184,-0.588,630.8,800.0
27,2016,FeedForwardNN,2.951,56.54,1006.49,58.52,-42118.32,-0.4423,0.04158,1313.5113,545.4,0.5808,0.1443,0.1603,-0.588,630.8,800.0
27,2017,HBA,2.999,60.31,1206.16,60.25,-46306.46,-0.3682,0.03183,3918.698,547.3,0.5808,0.0897,0.0625,-0.373,775.38,1286.61
27,2017,Alaton,5.26,126.41,2457.22,43.37,-197824.25,-0.6485,0.03276,4741.6967,547.3,0.5808,0.3298,0.0,-0.373,775.38,1286.61
27,2017,Benth,3.034,62.66,1252.72,60.76,-50169.9,-0.3818,0.03197,3919.4091,547.3,0.5808,0.0996,0.0787,-0.373,775.38,1286.61
27,2017,XGB,2.967,60.0,1199.41,59.85,-42793.76,-0.3454,0.02975,3590.1293,547.3,0.5808,0.0767,0.0777,-0.373,775.38,1286.61
27,2017,WaveletFNN,3.81,86.68,1730.86,59.14,-96539.2,-0.5053,0.03222,4521.8215,547.3,0.5808,0.1857,0.0666,-0.373,775.38,1286.61
27,2017,LSTM,2.709,49.17,983.45,60.33,-31017.62,-0.3103,0.03207,3880.649,547.3,0.5808,0.0593,0.1048,-0.373,775.38,1286.61
27,2017,FeedForwardNN,2.903,56.56,1131.3,60.02,-41363.16,-0.3601,0.03232,4617.3349,547.3,0.5808,0.0877,0.0973,-0.373,775.38,1286.61
27,2018,HBA,3.186,49.22,984.45,49.08,-36911.18,-0.3115,0.03809,3408.1337,498.2,0.6658,0.0738,0.064,-0.292,751.13,1040.0
27,2018,Alaton,3.139,49.14,982.74,24.1,-34254.5,-0.2928,0.03547,3517.1775,498.2,0.6658,0.0642,0.0,-0.292,751.13,1040.0
27,2018,Benth,3.117,48.61,972.2,49.1,-33335.72,-0.2918,0.03527,3403.8785,498.2,0.6658,0.0609,0.0617,-0.292,751.13,1040.0
27,2018,XGB,3.103,48.27,965.43,48.68,-32021.55,-0.2796,0.03436,3245.5163,498.2,0.6658,0.059,0.0598,-0.292,751.13,1040.0
27,2018,WaveletFNN,4.049,77.88,1556.6,48.82,-87520.3,-0.457,0.03612,4638.4494,498.2,0.6658,0.1554,0.0511,-0.292,751.13,1040.0
27,2018,LSTM,2.964,43.24,864.75,48.76,-24782.98,-0.2514,0.03314,4364.2236,498.2,0.6658,0.042,0.0647,-0.292,751.13,1040.0
27,2018,FeedForwardNN,3.151,50.02,1000.42,48.01,-37613.69,-0.3351,0.03758,5572.6195,498.2,0.6658,0.0805,0.0659,-0.292,751.13,1040.0
27,2019,HBA,3.182,50.99,1019.88,50.44,-32186.34,-0.2742,0.03094,3469.8901,503.7,0.6658,0.0536,0.0502,-0.304,711.41,1264.0
27,2019,Alaton,3.188,52.06,1041.16,25.22,-33187.03,-0.2706,0.03061,3455.6953,503.7,0.6658,0.0471,0.0,-0.304,711.41,1264.0
27,2019,Benth,3.139,50.79,1015.86,50.39,-34532.94,-0.2919,0.03346,3448.8798,503.7,0.6658,0.0615,0.0495,-0.304,711.41,1264.0
27,2019,XGB,3.124,50.54,1010.59,50.62,-33261.01,-0.2826,0.03257,3421.6854,503.7,0.6658,0.0584,0.0495,-0.304,711.41,1264.0
27,2019,WaveletFNN,3.968,75.92,1489.5,49.74,-72150.04,-0.3966,0.03252,3091.5573,503.7,0.6658,0.1108,0.0304,-0.304,711.41,1264.0
27,2019,LSTM,2.962,43.71,874.17,50.73,-26366.57,-0.2651,0.0345,4425.0258,503.7,0.6658,0.0466,0.071,-0.304,711.41,1264.0
27,2019,FeedForwardNN,3.156,50.12,1002.42,50.47,-34276.8,-0.2952,0.03411,3911.171,503.7,0.6658,0.0627,0.0624,-0.304,711.41,1264.0
27,2020,HBA,3.293,45.22,784.63,42.83,-9055.87,-0.0928,0.01471,873.4288,148.9,0.4137,0.0063,0.0067,-0.256,257.25,1344.0
27,2020,Alaton,4.534,64.97,1109.83,46.84,-21518.32,-0.1516,0.01747,1165.594,148.9,0.4137,0.0191,0.003,-0.256,257.25,1344.0
27,2020,Benth,3.255,44.13,773.99,44.44,-10368.77,-0.1067,0.01731,917.0737,148.9,0.4137,0.011,0.0073,-0.256,257.25,1344.0
27,2020,XGB,3.244,44.44,749.29,44.43,-6909.18,-0.0721,0.01231,798.5962,148.9,0.4137,0.0024,0.0062,-0.256,257.25,1344.0
27,2020,WaveletFNN,3.947,59.35,1125.97,42.97,-18167.15,-0.1281,0.01433,1643.2429,148.9,0.4137,0.0124,0.0034,-0.256,257.25,1344.0
27,2020,LSTM,3.053,41.13,771.17,49.5,-8673.35,-0.09,0.01458,1121.8031,148.9,0.4137,0.0059,0.0089,-0.256,257.25,1344.0
27,2020,FeedForwardNN,3.326,45.85,896.92,46.12,-12138.68,-0.1083,0.01509,1771.6254,148.9,0.4137,0.0091,0.0039,-0.256,257.25,1344.0
27,2021,HBA,3.142,46.4,927.95,45.33,-26729.68,-0.2135,0.03104,3786.7138,511.8,0.6658,0.035,0.0297,-0.204,531.65,976.0
27,2021,Alaton,3.125,48.15,962.95,24.38,-29192.96,-0.2267,0.03148,3583.5678,511.8,0.6658,0.0442,0.0,-0.204,531.65,976.0
27,2021,Benth,3.079,46.21,924.26,45.95,-26785.23,-0.2184,0.03135,3740.9369,511.8,0.6658,0.0359,0.0253,-0.204,531.65,976.0
27,2021,XGB,3.061,45.86,917.15,46.01,-24133.19,-0.1995,0.02869,3899.4043,511.8,0.6658,0.0289,0.0232,-0.204,531.65,976.0
27,2021,WaveletFNN,3.985,73.75,1474.01,46.05,-67719.93,-0.3387,0.03117,4535.256,511.8,0.6658,0.095,0.033,-0.204,531.65,976.0
27,2021,LSTM,3.003,43.65,856.31,46.16,-19698.6,-0.1665,0.02686,1762.1278,511.8,0.6658,0.0212,0.0294,-0.204,531.65,976.0
27,2021,FeedForwardNN,3.192,50.05,805.21,45.81,-20262.6,-0.1802,0.03125,904.2807,511.8,0.6658,0.0219,0.0216,-0.204,531.65,976.0
27,2022,HBA,2.99,48.25,964.79,48.52,-18218.03,-0.1408,0.01957,3105.6394,456.1,0.5808,0.0116,0.012,-0.123,672.79,1072.0
27,2022,Alaton,3.596,65.58,1281.06,28.76,-31429.44,-0.1824,0.01915,2595.4976,456.1,0.5808,0.0228,0.0,-0.123,672.79,1072.0
27,2022,Benth,2.961,48.21,963.48,48.83,-17749.97,-0.1376,0.01912,3057.9248,456.1,0.5808,0.0115,0.0139,-0.123,672.79,1072.0
27,2022,XGB,2.96,48.15,962.91,48.58,-19374.84,-0.1493,0.0209,3139.594,456.1,0.5808,0.0138,0.0154,-0.123,672.79,1072.0
27,2022,WaveletFNN,3.779,71.66,1430.44,48.6,-39160.37,-0.2029,0.01914,3367.0408,456.1,0.5808,0.0218,0.0095,-0.123,672.79,1072.0
27,2022,LSTM,2.766,41.59,831.7,48.73,-13870.31,-0.1294,0.02005,4946.3418,456.1,0.5808,0.0106,0.0153,-0.123,672.79,1072.0
27,2022,FeedForwardNN,2.941,47.09,941.73,49.27,-18025.14,-0.1458,0.02032,4029.2146,456.1,0.5808,0.0141,0.0082,-0.123,672.79,1072.0
27,2023,HBA,3.659,26.85,459.32,23.53,1102.74,0.018,-0.00523,478.7495,39.3,0.3288,0.0002,-0.0001,0.108,27.65,1040.0
27,2023,Alaton,3.668,27.17,470.15,36.13,324.1,0.0052,-0.00147,460.8865,39.3,0.3288,-0.0,0.0005,0.108,27.65,1040.0
27,2023,Benth,3.598,25.87,448.94,24.98,372.92,0.0062,-0.00185,486.3326,39.3,0.3288,0.0,0.0009,0.108,27.65,1040.0
27,2023,XGB,3.572,26.06,450.35,25.72,893.46,0.0149,-0.00441,475.3939,39.3,0.3288,0.0002,0.0,0.108,27.65,1040.0
27,2023,WaveletFNN,4.178,35.1,657.29,23.34,1108.5,0.0127,-0.00257,788.9288,39.3,0.3288,0.0001,0.0002,0.108,27.65,1040.0
27,2023,LSTM,3.409,23.56,434.19,29.82,773.18,0.0133,-0.0041,595.6828,39.3,0.3288,0.0002,-0.0,0.108,27.65,1040.0
27,2023,FeedForwardNN,3.533,27.33,540.66,29.16,1052.56,0.0147,-0.0036,1145.4694,39.3,0.3288,0.0002,0.0002,0.108,27.65,1040.0
27,2024,HBA,3.369,25.03,414.99,22.01,873.39,0.016,-0.00507,384.8134,39.1,0.3288,0.0004,0.0002,0.167,67.27,848.0
27,2024,Alaton,3.595,27.67,471.2,34.31,2095.86,0.0342,-0.00944,440.708,39.1,0.3288,0.0011,0.0029,0.167,67.27,848.0
27,2024,Benth,3.31,24.31,406.76,23.96,154.25,0.0029,-0.00093,395.4531,39.1,0.3288,-0.0,0.0001,0.167,67.27,848.0
27,2024,XGB,3.316,25.87,446.69,26.15,941.47,0.016,-0.00472,456.8131,39.1,0.3288,0.0004,0.0008,0.167,67.27,848.0
27,2024,WaveletFNN,3.77,38.25,754.59,26.1,7662.71,0.0768,-0.01346,1185.4545,39.1,0.3288,0.0043,0.0011,0.167,67.27,848.0
27,2024,LSTM,3.152,23.78,428.78,29.2,947.58,0.017,-0.00515,547.7141,39.1,0.3288,0.0002,0.0009,0.167,67.27,848.0
27,2024,FeedForwardNN,3.391,24.8,456.44,24.5,2265.9,0.0379,-0.01088,628.9828,39.1,0.3288,0.001,0.0001,0.167,67.27,848.0
28,2015,HBA,2.549,52.39,1030.12,50.8,-41725.68,-0.4217,0.03932,1994.9888,479.6,0.5808,0.153,0.1022,-0.436,538.55,1536.0
28,2015,Alaton,2.572,54.33,1052.03,50.98,-41131.87,-0.4104,0.03716,1835.9425,479.6,0.5808,0.1483,0.1343,-0.436,538.55,1536.0
28,2015,Benth,2.565,54.12,1055.21,51.28,-42019.18,-0.4159,0.03774,1989.2502,479.6,0.5808,0.1513,0.1222,-0.436,538.55,1536.0
28,2015,XGB,2.522,51.7,1009.5,51.88,-39943.73,-0.4122,0.0392,1861.3668,479.6,0.5808,0.1487,0.1451,-0.436,538.55,1536.0
28,2015,WaveletFNN,2.731,59.77,1174.99,53.34,-53449.89,-0.4691,0.03872,2334.1565,479.6,0.5808,0.1961,0.1699,-0.436,538.55,1536.0
28,2015,LSTM,2.304,41.54,805.2,54.43,-24416.86,-0.3247,0.03766,1484.7573,479.6,0.5808,0.0943,0.2116,-0.436,538.55,1536.0
28,2015,FeedForwardNN,2.458,45.39,795.28,53.66,-24316.05,-0.3198,0.03845,971.4258,479.6,0.5808,0.0903,0.1518,-0.436,538.55,1536.0
28,2016,HBA,2.536,52.47,1035.72,51.01,-40760.4,-0.405,0.038,2125.9804,480.8,0.5808,0.128,0.0963,-0.418,510.95,1040.0
28,2016,Alaton,2.558,54.51,1058.65,52.35,-41902.27,-0.4068,0.03739,1972.2144,480.8,0.5808,0.1367,0.1395,-0.418,510.95,1040.0
28,2016,Benth,2.549,54.13,1060.63,51.64,-40286.54,-0.3928,0.03581,2078.9827,480.8,0.5808,0.1186,0.1055,-0.418,510.95,1040.0
28,2016,XGB,2.509,51.65,1011.85,51.91,-40096.88,-0.4071,0.03916,2033.7742,480.8,0.5808,0.1338,0.1178,-0.418,510.95,1040.0
28,2016,WaveletFNN,2.713,58.8,1167.79,53.35,-52989.92,-0.4616,0.03886,2664.8368,480.8,0.5808,0.1738,0.1576,-0.418,510.95,1040.0
28,2016,LSTM,2.295,39.26,477.48,52.32,-11218.54,-0.2418,0.04921,327.2009,480.8,0.5808,0.046,0.1241,-0.418,510.95,1040.0
28,2016,FeedForwardNN,2.442,44.58,720.82,52.39,-21499.66,-0.3084,0.04138,745.2518,480.8,0.5808,0.0785,0.1329,-0.418,510.95,1040.0
28,2017,HBA,2.305,49.43,981.45,48.61,-27677.01,-0.22,0.02873,2226.5841,692.2,0.6658,0.0237,0.0318,-0.39,854.54,1520.0
28,2017,Alaton,2.359,53.39,1046.05,50.17,-33102.55,-0.2487,0.03025,2026.3898,692.2,0.6658,0.0337,0.0236,-0.39,854.54,1520.0
28,2017,Benth,2.354,52.56,1041.4,49.49,-34240.49,-0.2566,0.03157,2218.5171,692.2,0.6658,0.0392,0.0238,-0.39,854.54,1520.0
28,2017,XGB,2.285,49.06,970.58,49.82,-28191.93,-0.2305,0.02993,2091.4077,692.2,0.6658,0.0288,0.0306,-0.39,854.54,1520.0
28,2017,WaveletFNN,2.502,57.02,1140.36,48.77,-39893.86,-0.2835,0.03068,3818.069,692.2,0.6658,0.0416,0.0376,-0.39,854.54,1520.0
28,2017,LSTM,2.131,39.85,796.83,49.77,-20748.47,-0.2086,0.03268,2660.3207,692.2,0.6658,0.0273,0.0534,-0.39,854.54,1520.0
28,2017,FeedForwardNN,2.251,43.63,872.5,49.82,-25563.71,-0.2349,0.03358,3257.9218,692.2,0.6658,0.0322,0.042,-0.39,854.54,1520.0
28,2018,HBA,2.542,19.48,343.42,16.64,1080.74,0.0236,-0.00916,344.631,29.7,0.3288,-0.0,0.0011,0.259,70.76,1376.0
28,2018,Alaton,2.575,19.54,350.73,18.71,1060.25,0.0226,-0.00862,404.7592,29.7,0.3288,-0.0,0.0011,0.259,70.76,1376.0
28,2018,Benth,2.578,19.94,364.51,17.22,2459.05,0.0506,-0.01851,436.6504,29.7,0.3288,0.0015,0.0005,0.259,70.76,1376.0
28,2018,XGB,2.516,19.02,335.08,19.21,1914.18,0.043,-0.01705,358.8521,29.7,0.3288,0.0013,0.0005,0.259,70.76,1376.0
28,2018,WaveletFNN,2.73,20.13,359.78,19.44,2312.23,0.0484,-0.01786,394.6429,29.7,0.3288,0.0017,0.0017,0.259,70.76,1376.0
28,2018,LSTM,2.361,19.67,381.34,25.67,3136.01,0.0622,-0.02156,550.2209,29.7,0.3288,0.0021,0.003,0.259,70.76,1376.0
28,2018,FeedForwardNN,2.668,27.27,544.83,27.49,8616.31,0.1166,-0.02903,1321.6732,29.7,0.3288,0.0075,0.009,0.259,70.76,1376.0
28,2019,HBA,2.353,51.18,1018.78,50.77,-12800.3,-0.0971,0.01233,2339.027,700.0,0.6658,0.0036,0.0037,-0.267,820.71,1568.0
28,2019,Alaton,2.37,52.44,1038.49,50.48,-14459.18,-0.1079,0.01341,2267.7131,700.0,0.6658,0.0064,0.005,-0.267,820.71,1568.0
28,2019,Benth,2.365,51.99,1030.96,50.61,-13834.96,-0.1052,0.01302,2321.9061,700.0,0.6658,0.0073,0.0048,-0.267,820.71,1568.0
28,2019,XGB,2.326,50.81,1011.45,49.78,-13410.21,-0.1035,0.01311,2336.4137,700.0,0.6658,0.0055,0.0074,-0.267,820.71,1568.0
28,2019,WaveletFNN,2.493,54.91,910.15,50.25,-10254.94,-0.0858,0.01238,995.1452,700.0,0.6658,0.0039,0.0014,-0.267,820.71,1568.0
28,2019,LSTM,2.161,39.69,793.68,50.62,-8824.03,-0.0861,0.01401,2655.1033,700.0,0.6658,0.005,0.0091,-0.267,820.71,1568.0
28,2019,FeedForwardNN,2.276,42.9,844.87,49.84,-9207.53,-0.0856,0.0129,1809.8359,700.0,0.6658,0.0038,0.0064,-0.267,820.71,1568.0
28,2020,HBA,2.349,51.33,1020.88,49.98,-10112.93,-0.0751,0.0097,2377.2902,702.5,0.6658,0.0019,0.0026,-0.247,801.23,1344.0
28,2020,Alaton,2.369,52.14,1034.8,50.11,-10949.57,-0.0802,0.01023,2362.4756,702.5,0.6658,0.0035,0.0032,-0.247,801.23,1344.0
28,2020,Benth,2.363,52.41,1039.96,50.21,-11906.25,-0.0871,0.01101,2369.3189,702.5,0.6658,0.0048,0.0028,-0.247,801.23,1344.0
28,2020,XGB,2.32,50.1,998.35,50.41,-10103.44,-0.0758,0.01014,2449.468,702.5,0.6658,0.003,0.0036,-0.247,801.23,1344.0
28,2020,WaveletFNN,2.49,55.91,1052.3,50.11,-11076.4,-0.0797,0.01,1616.6486,702.5,0.6658,0.0027,0.0053,-0.247,801.23,1344.0
28,2020,LSTM,2.14,38.99,779.49,50.23,-5980.9,-0.0591,0.00984,2434.0381,702.5,0.6658,0.0024,0.0061,-0.247,801.23,1344.0
28,2020,FeedForwardNN,2.218,41.36,827.14,50.08,-7337.83,-0.069,0.01073,4067.9489,702.5,0.6658,0.0024,0.0038,-0.247,801.23,1344.0
28,2021,HBA,2.522,33.75,633.81,31.36,-5836.75,-0.07,0.01453,904.9072,114.0,0.4137,0.003,0.0035,-0.24,72.93,1248.0
28,2021,Alaton,2.513,33.92,655.77,33.4,-6726.8,-0.079,0.01564,1115.0583,114.0,0.4137,0.0047,0.005,-0.24,72.93,1248.0
28,2021,Benth,2.517,34.1,656.82,32.09,-6825.35,-0.08,0.01582,1075.7027,114.0,0.4137,0.0041,0.0026,-0.24,72.93,1248.0
28,2021,XGB,2.492,32.21,580.68,32.52,-4996.75,-0.0658,0.01482,729.6724,114.0,0.4137,0.0026,0.0017,-0.24,72.93,1248.0
28,2021,WaveletFNN,2.659,35.4,669.14,33.45,-5744.99,-0.0652,0.01283,968.5741,114.0,0.4137,0.0023,0.0053,-0.24,72.93,1248.0
28,2021,LSTM,2.373,23.17,100.31,30.41,-215.94,-0.0161,0.02146,24.5978,114.0,0.4137,0.0001,0.001,-0.24,72.93,1248.0
28,2021,FeedForwardNN,2.618,22.69,58.67,25.85,-141.07,-0.0184,0.04098,8.4503,114.0,0.4137,0.0003,0.0007,-0.24,72.93,1248.0
28,2022,HBA,2.674,21.86,382.11,18.63,1557.79,0.0305,-0.01067,384.2079,31.6,0.3288,0.0005,0.0003,0.224,46.95,1568.0
28,2022,Alaton,2.675,21.46,387.64,20.86,1330.16,0.0252,-0.00885,450.9417,31.6,0.3288,0.0004,0.001,0.224,46.95,1568.0
28,2022,Benth,2.678,21.4,385.94,19.18,1454.19,0.0276,-0.00976,438.0739,31.6,0.3288,0.0006,-0.0,0.224,46.95,1568.0
28,2022,XGB,2.637,21.15,371.96,21.2,988.29,0.0199,-0.00714,377.3203,31.6,0.3288,0.0001,0.0006,0.224,46.95,1568.0
28,2022,WaveletFNN,2.852,20.97,354.79,20.41,991.73,0.0205,-0.00788,337.2933,31.6,0.3288,0.0003,0.0009,0.224,46.95,1568.0
28,2022,LSTM,2.477,21.66,406.24,28.33,1732.06,0.0316,-0.0105,483.8422,31.6,0.3288,0.0007,0.0014,0.224,46.95,1568.0
28,2022,FeedForwardNN,2.765,25.85,504.64,27.45,3216.17,0.0471,-0.01263,758.9276,31.6,0.3288,0.0021,0.0022,0.224,46.95,1568.0
28,2023,HBA,2.69,21.78,385.71,18.54,856.28,0.0163,-0.00576,388.9845,31.9,0.3288,0.0001,0.0004,0.196,41.95,1424.0
28,2023,Alaton,2.686,21.4,396.38,20.82,1786.22,0.033,-0.01137,494.4452,31.9,0.3288,0.0009,0.0001,0.196,41.95,1424.0
28,2023,Benth,2.688,20.94,382.7,18.87,676.88,0.0131,-0.00462,454.8021,31.9,0.3288,0.0001,-0.0,0.196,41.95,1424.0
28,2023,XGB,2.646,21.14,378.73,21.11,1196.28,0.023,-0.00834,417.6309,31.9,0.3288,0.0003,-0.0,0.196,41.95,1424.0
28,2023,WaveletFNN,2.875,23.46,438.61,22.41,1479.68,0.0248,-0.00769,563.0022,31.9,0.3288,0.0002,0.0003,0.196,41.95,1424.0
28,2023,LSTM,2.484,21.17,392.6,28.72,1902.35,0.0354,-0.01234,466.9638,31.9,0.3288,0.0015,0.0013,0.196,41.95,1424.0
28,2023,FeedForwardNN,2.785,23.27,430.15,24.48,1704.88,0.0292,-0.00921,506.5153,31.9,0.3288,0.0001,0.0,0.196,41.95,1424.0
28,2024,HBA,2.845,20.26,340.76,17.59,-1647.61,-0.036,0.01419,296.1779,24.7,0.3288,0.0005,0.0005,0.218,47.77,1200.0
28,2024,Alaton,2.818,20.54,357.04,20.73,-2755.45,-0.0576,0.02162,341.232,24.7,0.3288,0.0029,0.0031,0.218,47.77,1200.0
28,2024,Benth,2.812,19.68,331.59,18.69,-2217.45,-0.0503,0.02017,287.3164,24.7,0.3288,0.0015,0.0017,0.218,47.77,1200.0
28,2024,XGB,2.789,20.51,354.79,20.39,-2315.26,-0.049,0.01839,326.7943,24.7,0.3288,0.0014,0.0038,0.218,47.77,1200.0
28,2024,WaveletFNN,2.915,22.69,416.0,22.47,-4363.33,-0.0781,0.02521,444.3457,24.7,0.3288,0.0054,0.0051,0.218,47.77,1200.0
28,2024,LSTM,2.52,17.7,324.14,25.41,-1800.89,-0.0415,0.01714,368.4303,24.7,0.3288,0.0011,0.0037,0.218,47.77,1200.0
28,2024,FeedForwardNN,2.73,20.35,393.24,24.71,-3807.13,-0.0716,0.02462,495.5014,24.7,0.3288,0.004,0.0061,0.218,47.77,1200.0
32,2015,HBA,2.684,29.32,584.79,29.03,-29036.09,-0.6151,0.08491,1401.3254,137.9,0.4959,0.3354,0.2861,-0.532,180.19,1584.0
32,2015,Alaton,2.697,29.73,574.32,26.88,-27285.36,-0.5891,0.08272,1060.3,137.9,0.4959,0.2931,0.0286,-0.532,180.19,1584.0
32,2015,Benth,2.642,28.81,575.28,29.03,-28203.07,-0.6104,0.08522,1438.7666,137.9,0.4959,0.3282,0.3158,-0.532,180.19,1584.0
32,2015,XGB,2.642,28.44,566.41,29.13,-26362.25,-0.5923,0.08217,1383.2629,137.9,0.4959,0.296,0.3139,-0.532,180.19,1584.0
32,2015,WaveletFNN,3.093,35.8,678.87,28.29,-38324.18,-0.6572,0.08316,1045.7672,137.9,0.4959,0.3831,0.261,-0.532,180.19,1584.0
32,2015,LSTM,2.582,27.53,549.97,29.36,-25674.68,-0.593,0.08489,1382.5821,137.9,0.4959,0.3056,0.3971,-0.532,180.19,1584.0
32,2015,FeedForwardNN,2.926,32.77,654.42,28.76,-37721.16,-0.6732,0.08808,1731.6218,137.9,0.4959,0.4021,0.3666,-0.532,180.19,1584.0
32,2016,HBA,2.666,28.66,571.82,27.67,25109.69,0.5088,-0.07679,1354.1751,206.3,0.6658,0.1736,0.1374,0.55,274.87,944.0
32,2016,Alaton,2.639,28.77,568.82,27.39,23348.36,0.4879,-0.07216,1088.9125,206.3,0.6658,0.1511,0.0119,0.55,274.87,944.0
32,2016,Benth,2.604,28.38,566.54,27.61,24203.7,0.4972,-0.07541,1340.0458,206.3,0.6658,0.162,0.116,0.55,274.87,944.0
32,2016,XGB,2.581,27.99,558.7,27.44,23673.78,0.4947,-0.07584,1314.8952,206.3,0.6658,0.1438,0.1421,0.55,274.87,944.0
32,2016,WaveletFNN,2.615,28.3,565.91,28.24,29500.19,0.5593,-0.09211,2111.2038,206.3,0.6658,0.2082,0.1658,0.55,274.87,944.0
32,2016,LSTM,2.574,27.52,550.02,27.56,23814.15,0.5005,-0.07872,1417.7989,206.3,0.6658,0.1658,0.1811,0.55,274.87,944.0
32,2016,FeedForwardNN,2.628,27.82,556.4,28.2,26722.56,0.5325,-0.08632,1775.9596,206.3,0.6658,0.1823,0.1956,0.55,274.87,944.0
32,2017,HBA,2.651,39.74,785.34,37.78,-47170.71,-0.4375,0.07648,1560.388,224.5,0.4959,0.1387,0.1128,-0.561,399.87,1408.0
32,2017,Alaton,2.792,41.37,778.74,32.95,-46241.5,-0.4233,0.07625,1185.7884,224.5,0.4959,0.1378,0.0021,-0.561,399.87,1408.0
32,2017,Benth,2.632,38.73,766.49,38.07,-44743.66,-0.4281,0.07616,1573.7068,224.5,0.4959,0.1417,0.1257,-0.561,399.87,1408.0
32,2017,XGB,2.614,37.85,743.96,38.32,-43427.65,-0.4255,0.07846,1443.169,224.5,0.4959,0.1411,0.1402,-0.561,399.87,1408.0
32,2017,WaveletFNN,3.107,47.7,889.16,35.49,-62395.24,-0.4867,0.07892,1291.4533,224.5,0.4959,0.19,0.0864,-0.561,399.87,1408.0
32,2017,LSTM,2.555,36.24,724.89,39.0,-43989.67,-0.4629,0.08372,2456.2555,224.5,0.4959,0.1691,0.244,-0.561,399.87,1408.0
32,2017,FeedForwardNN,2.783,42.94,858.7,38.83,-64059.53,-0.5768,0.08688,3465.2333,224.5,0.4959,0.2632,0.2373,-0.561,399.87,1408.0
32,2018,HBA,2.748,42.45,840.11,39.71,-17878.69,-0.162,0.02533,1644.5488,228.4,0.4959,0.0189,0.0088,-0.447,357.94,1344.0
32,2018,Alaton,2.905,45.24,865.58,36.19,-16504.44,-0.144,0.02203,1400.2983,228.4,0.4959,0.0115,0.0004,-0.447,357.94,1344.0
32,2018,Benth,2.703,41.26,815.57,40.74,-18081.51,-0.167,0.02718,1622.6359,228.4,0.4959,0.0204,0.0125,-0.447,357.94,1344.0
32,2018,XGB,2.692,41.33,814.63,40.85,-15144.47,-0.14,0.02282,1597.5386,228.4,0.4959,0.0128,0.0141,-0.447,357.94,1344.0
32,2018,WaveletFNN,3.157,50.41,898.31,39.12,-18997.2,-0.1574,0.02354,1148.781,228.4,0.4959,0.0177,0.0066,-0.447,357.94,1344.0
32,2018,LSTM,2.587,37.73,754.59,41.69,-16229.62,-0.1692,0.0285,3709.2966,228.4,0.4959,0.0159,0.034,-0.447,357.94,1344.0
32,2018,FeedForwardNN,2.764,41.3,826.01,41.57,-22254.94,-0.2121,0.03262,4048.3234,228.4,0.4959,0.0318,0.0402,-0.447,357.94,1344.0
32,2019,HBA,2.724,41.17,818.21,40.29,-14609.72,-0.1386,0.02182,1776.6623,231.2,0.4959,0.009,0.0097,-0.425,299.53,1520.0
32,2019,Alaton,2.858,44.85,879.86,36.79,-21022.56,-0.1846,0.02716,1704.8638,231.2,0.4959,0.027,-0.0001,-0.425,299.53,1520.0
32,2019,Benth,2.691,40.26,800.64,39.97,-14423.09,-0.143,0.0225,1780.5317,231.2,0.4959,0.0137,0.0116,-0.425,299.53,1520.0
32,2019,XGB,2.685,40.82,812.82,40.86,-15895.74,-0.1538,0.02406,1786.3159,231.2,0.4959,0.0189,0.0172,-0.425,299.53,1520.0
32,2019,WaveletFNN,3.116,52.38,1029.99,40.16,-25371.37,-0.1892,0.02392,2112.0814,231.2,0.4959,0.0199,0.0123,-0.425,299.53,1520.0
32,2019,LSTM,2.604,37.15,738.73,40.87,-13940.74,-0.1479,0.02555,1627.2142,231.2,0.4959,0.0192,0.0166,-0.425,299.53,1520.0
32,2019,FeedForwardNN,2.762,36.8,528.52,37.9,-6035.26,-0.0879,0.02161,456.8501,231.2,0.4959,0.0038,0.0087,-0.425,299.53,1520.0
32,2020,HBA,2.731,42.16,835.55,40.36,-16318.95,-0.1509,0.02337,1742.1507,232.7,0.4959,0.0138,0.0137,-0.438,313.49,1456.0
32,2020,Alaton,2.896,45.68,900.55,38.03,-20640.85,-0.1733,0.02545,1814.5899,232.7,0.4959,0.0206,0.0009,-0.438,313.49,1456.0
32,2020,Benth,2.696,41.65,826.93,40.97,-15337.37,-0.1433,0.02243,1723.1104,232.7,0.4959,0.0111,0.0145,-0.438,313.49,1456.0
32,2020,XGB,2.688,41.49,824.08,41.07,-16387.81,-0.1546,0.02413,1787.9089,232.7,0.4959,0.0148,0.0238,-0.438,313.49,1456.0
32,2020,WaveletFNN,3.149,52.64,1037.38,40.91,-29634.5,-0.2195,0.02754,2239.048,232.7,0.4959,0.037,0.0179,-0.438,313.49,1456.0
32,2020,LSTM,2.582,38.25,761.45,41.55,-15325.39,-0.1517,0.02643,1717.0663,232.7,0.4959,0.0164,0.0184,-0.438,313.49,1456.0
32,2020,FeedForwardNN,2.773,41.41,793.82,41.33,-16371.56,-0.1568,0.02598,1332.6129,232.7,0.4959,0.0177,0.0184,-0.438,313.49,1456.0
32,2021,HBA,2.713,41.28,822.93,40.24,-18134.9,-0.1717,0.02678,1847.36,234.4,0.4959,0.0198,0.0118,-0.409,269.67,1328.0
32,2021,Alaton,2.853,44.06,878.08,37.12,-17998.49,-0.1607,0.02334,2107.9565,234.4,0.4959,0.0149,0.0011,-0.409,269.67,1328.0
32,2021,Benth,2.682,40.37,804.83,40.77,-15663.75,-0.154,0.02418,1832.0422,234.4,0.4959,0.0147,0.0144,-0.409,269.67,1328.0
32,2021,XGB,2.68,39.76,787.69,40.44,-14438.24,-0.1442,0.02327,1626.1944,234.4,0.4959,0.0115,0.0116,-0.409,269.67,1328.0
32,2021,WaveletFNN,3.154,51.71,1022.05,39.27,-27585.69,-0.2092,0.02641,2164.1611,234.4,0.4959,0.0284,0.0185,-0.409,269.67,1328.0
32,2021,LSTM,2.6,35.31,512.26,39.33,-6956.6,-0.1046,0.02651,422.8738,234.4,0.4959,0.0074,0.0121,-0.409,269.67,1328.0
32,2021,FeedForwardNN,2.803,39.42,655.19,38.88,-9255.54,-0.107,0.02156,709.9929,234.4,0.4959,0.0061,0.007,-0.409,269.67,1328.0
32,2022,HBA,2.748,41.77,824.3,40.53,-13941.25,-0.1334,0.02052,1591.9196,235.1,0.4959,0.0143,0.0096,-0.333,355.29,1472.0
32,2022,Alaton,2.937,46.34,916.51,38.44,-18490.29,-0.1626,0.02201,1901.5487,235.1,0.4959,0.0199,0.002,-0.333,355.29,1472.0
32,2022,Benth,2.716,40.85,806.81,40.85,-12164.5,-0.1192,0.01869,1598.9631,235.1,0.4959,0.0075,0.0118,-0.333,355.29,1472.0
32,2022,XGB,2.709,41.09,814.69,40.57,-14344.98,-0.1362,0.02161,1684.1508,235.1,0.4959,0.0138,0.0109,-0.333,355.29,1472.0
32,2022,WaveletFNN,3.175,51.1,942.48,39.38,-17161.71,-0.1408,0.01932,1337.1144,235.1,0.4959,0.0135,0.0097,-0.333,355.29,1472.0
32,2022,LSTM,2.594,37.35,746.62,41.67,-13083.53,-0.1387,0.02347,2204.2469,235.1,0.4959,0.013,0.0183,-0.333,355.29,1472.0
32,2022,FeedForwardNN,2.815,41.46,826.99,40.33,-14399.88,-0.1374,0.02105,2210.0939,235.1,0.4959,0.0112,0.0101,-0.333,355.29,1472.0
32,2023,HBA,2.795,30.87,615.28,29.65,11500.14,0.1434,-0.03038,1313.9433,216.4,0.6658,0.0106,0.0126,0.315,255.37,1424.0
32,2023,Alaton,2.692,29.9,597.58,29.46,10775.1,0.1414,-0.03017,1548.8632,216.4,0.6658,0.0116,0.0012,0.315,255.37,1424.0
32,2023,Benth,2.706,29.92,595.17,29.82,10306.62,0.1376,-0.0291,1293.6879,216.4,0.6658,0.0099,0.0138,0.315,255.37,1424.0
32,2023,XGB,2.678,29.48,588.56,29.27,11324.07,0.1482,-0.03269,1384.7131,216.4,0.6658,0.0152,0.0111,0.315,255.37,1424.0
32,2023,WaveletFNN,2.789,31.32,440.04,29.58,6661.42,0.1256,-0.0344,347.9314,216.4,0.6658,0.0099,0.0057,0.315,255.37,1424.0
32,2023,LSTM,2.619,28.04,560.77,29.46,10420.79,0.1468,-0.03314,1829.1875,216.4,0.6658,0.0127,0.0162,0.315,255.37,1424.0
32,2023,FeedForwardNN,2.702,29.52,590.34,29.11,12613.32,0.1692,-0.03619,2056.0964,216.4,0.6658,0.0201,0.0129,0.315,255.37,1424.0
32,2024,HBA,2.8,31.45,624.78,30.18,11749.4,0.1546,-0.0301,1215.1406,217.2,0.6658,0.0171,0.009,0.312,295.19,1200.0
32,2024,Alaton,2.731,30.71,613.97,30.75,11806.85,0.15,-0.03132,1553.915,217.2,0.6658,0.0147,0.0034,0.312,295.19,1200.0
32,2024,Benth,2.734,30.84,612.96,30.63,11835.16,0.156,-0.0315,1223.8602,217.2,0.6658,0.0161,0.011,0.312,295.19,1200.0
32,2024,XGB,2.71,30.36,606.33,30.72,12290.25,0.1592,-0.03343,1337.0214,217.2,0.6658,0.0165,0.0093,0.312,295.19,1200.0
32,2024,WaveletFNN,2.858,33.1,660.58,30.24,13251.44,0.1613,-0.03037,1691.1374,217.2,0.6658,0.0144,0.0105,0.312,295.19,1200.0
32,2024,LSTM,2.685,29.42,585.97,30.33,9142.56,0.1232,-0.02663,1259.1108,217.2,0.6658,0.0076,0.0181,0.312,295.19,1200.0
32,2024,FeedForwardNN,2.789,31.62,629.89,30.22,11678.1,0.1485,-0.02943,1354.3647,217.2,0.6658,0.0114,0.0114,0.312,295.19,1200.0
44,2015,HBA,2.823,6.03,74.08,4.45,-2513.58,-0.3703,0.45803,45.6016,10.4,0.2466,0.1822,0.045,-0.352,1.52,1152.0
44,2015,Alaton,2.803,5.29,54.04,3.85,-1275.62,-0.2645,0.43679,26.2379,10.4,0.2466,0.0966,0.0177,-0.352,1.52,1152.0
44,2015,Benth,2.817,5.83,68.15,2.57,-2091.78,-0.3345,0.45037,37.6108,10.4,0.2466,0.1541,0.0002,-0.352,1.52,1152.0
44,2015,XGB,2.815,5.32,54.91,5.3,-1296.97,-0.2621,0.43012,26.9997,10.4,0.2466,0.0942,0.1045,-0.352,1.52,1152.0
44,2015,WaveletFNN,3.272,9.01,144.47,5.58,-9954.07,-0.6408,0.47694,117.4751,10.4,0.2466,0.5169,0.144,-0.352,1.52,1152.0
44,2015,LSTM,2.827,8.56,117.92,6.61,-7347.07,-0.5856,0.52838,44.5441,10.4,0.2466,0.4788,0.2568,-0.352,1.52,1152.0
44,2015,FeedForwardNN,2.878,10.24,153.7,6.85,-12123.35,-0.6781,0.51316,68.6452,10.4,0.2466,0.6039,0.2886,-0.352,1.52,1152.0
44,2016,HBA,2.753,5.98,75.19,4.43,-2863.86,-0.3822,0.50653,47.4863,10.2,0.2466,0.1929,0.0488,-0.349,0.4,668.8
44,2016,Alaton,2.741,5.4,60.65,3.99,-1894.74,-0.3197,0.51509,32.0556,10.2,0.2466,0.143,0.0336,-0.349,0.4,668.8
44,2016,Benth,2.751,5.7,68.46,2.57,-2371.4,-0.35,0.50601,38.9445,10.2,0.2466,0.1682,0.0003,-0.349,0.4,668.8
44,2016,XGB,2.745,5.44,61.96,5.45,-1957.77,-0.3253,0.51004,33.8235,10.2,0.2466,0.1465,0.1532,-0.349,0.4,668.8
44,2016,WaveletFNN,3.154,10.8,191.98,7.06,-21107.51,-0.7891,0.57267,189.0372,10.2,0.2466,0.7262,0.3446,-0.349,0.4,668.8
44,2016,LSTM,2.809,7.61,97.66,5.63,-5345.88,-0.5072,0.56051,34.2698,10.2,0.2466,0.3773,0.1718,-0.349,0.4,668.8
44,2016,FeedForwardNN,2.856,5.86,57.57,2.85,-1897.0,-0.3316,0.57232,17.3891,10.2,0.2466,0.1627,0.0033,-0.349,0.4,668.8
44,2017,HBA,3.631,26.89,431.13,20.27,8811.87,0.1811,-0.04741,365.5692,38.8,0.3288,0.0278,0.0056,0.365,16.73,992.0
44,2017,Alaton,3.547,25.63,397.31,25.07,7812.61,0.1745,-0.04949,332.9113,38.8,0.3288,0.021,0.0162,0.365,16.73,992.0
44,2017,Benth,3.536,25.81,409.3,21.97,8188.62,0.1761,-0.04888,349.2069,38.8,0.3288,0.024,0.009,0.365,16.73,992.0
44,2017,XGB,3.526,25.79,402.94,25.63,7398.17,0.1622,-0.04557,331.5467,38.8,0.3288,0.0201,0.0259,0.365,16.73,992.0
44,2017,WaveletFNN,4.033,33.56,581.61,27.43,19136.26,0.2787,-0.05657,504.396,38.8,0.3288,0.0537,0.0329,0.365,16.73,992.0
44,2017,LSTM,3.227,16.09,151.89,21.58,1297.47,0.0768,-0.05624,65.433,38.8,0.3288,0.0052,0.0073,0.365,16.73,992.0
44,2017,FeedForwardNN,3.295,16.09,150.11,21.16,840.86,0.0509,-0.03732,61.7367,38.8,0.3288,0.0011,0.0092,0.365,16.73,992.0
44,2018,HBA,3.111,66.55,1119.88,63.21,14462.69,0.1164,-0.01153,1240.9077,675.2,0.5808,0.0082,0.0031,0.352,934.84,1000.0
44,2018,Alaton,3.103,66.51,1056.85,65.23,12361.89,0.1051,-0.01107,1079.6213,675.2,0.5808,0.0097,0.0063,0.352,934.84,1000.0
44,2018,Benth,3.099,66.61,1112.0,63.34,13741.63,0.1104,-0.01111,1249.4083,675.2,0.5808,0.0077,0.0038,0.352,934.84,1000.0
44,2018,XGB,3.073,64.96,1035.16,65.22,10488.96,0.0905,-0.00979,1051.4584,675.2,0.5808,0.005,0.0056,0.352,934.84,1000.0
44,2018,WaveletFNN,3.331,73.57,1431.82,66.23,18054.19,0.1114,-0.00881,2460.9002,675.2,0.5808,0.0059,0.0057,0.352,934.84,1000.0
44,2018,LSTM,2.77,52.73,1054.54,68.86,11283.69,0.0928,-0.01015,4412.7273,675.2,0.5808,0.0058,0.0102,0.352,934.84,1000.0
44,2018,FeedForwardNN,2.822,55.39,1107.9,69.63,14738.72,0.1152,-0.01201,5016.8176,675.2,0.5808,0.0101,0.0083,0.352,934.84,1000.0
44,2019,HBA,3.08,65.95,1194.54,63.46,21975.04,0.1682,-0.0154,1601.2378,680.5,0.5808,0.0157,0.0045,0.377,761.65,1088.0
44,2019,Alaton,3.067,66.07,1178.41,65.73,20818.64,0.1622,-0.01499,1527.5712,680.5,0.5808,0.0184,0.0211,0.377,761.65,1088.0
44,2019,Benth,3.057,65.6,1177.22,63.9,23358.5,0.1813,-0.01685,1573.5705,680.5,0.5808,0.0214,0.0086,0.377,761.65,1088.0
44,2019,XGB,3.042,65.03,1140.31,65.27,20259.33,0.1622,-0.01558,1451.8184,680.5,0.5808,0.0173,0.0156,0.377,761.65,1088.0
44,2019,WaveletFNN,3.277,69.7,1140.25,64.68,22894.89,0.1843,-0.01761,1218.765,680.5,0.5808,0.0263,0.0088,0.377,761.65,1088.0
44,2019,LSTM,2.711,46.09,880.95,63.14,9178.72,0.095,-0.01183,1435.0416,680.5,0.5808,0.0024,0.0212,0.377,761.65,1088.0
44,2019,FeedForwardNN,2.765,48.01,942.59,62.96,11931.6,0.1164,-0.01343,1835.6182,680.5,0.5808,0.008,0.0203,0.377,761.65,1088.0
44,2020,HBA,3.139,68.48,1219.94,64.83,22063.57,0.1587,-0.01483,1592.5101,682.1,0.5808,0.016,0.0147,0.403,734.69,1120.0
44,2020,Alaton,3.134,68.27,1219.2,68.1,23362.48,0.1677,-0.01572,1601.8293,682.1,0.5808,0.0185,0.0189,0.403,734.69,1120.0
44,2020,Benth,3.123,68.64,1216.55,66.58,25067.3,0.1825,-0.01694,1572.3131,682.1,0.5808,0.0226,0.0091,0.403,734.69,1120.0
44,2020,XGB,3.109,67.98,1223.15,68.04,23162.76,0.1654,-0.01548,1638.5731,682.1,0.5808,0.0194,0.0238,0.403,734.69,1120.0
44,2020,WaveletFNN,3.351,73.53,1398.17,68.07,31585.76,0.1955,-0.01616,2188.3279,682.1,0.5808,0.0232,0.0214,0.403,734.69,1120.0
44,2020,LSTM,2.778,52.91,892.45,70.72,13551.24,0.1342,-0.01701,986.7773,682.1,0.5808,0.0114,0.0238,0.403,734.69,1120.0
44,2020,FeedForwardNN,2.831,55.8,1063.75,72.5,17271.08,0.1421,-0.01526,1758.7729,682.1,0.5808,0.0137,0.0261,0.403,734.69,1120.0
44,2021,HBA,3.045,74.04,1440.19,69.18,13521.17,0.0782,-0.00652,2767.397,976.6,0.6658,0.0058,0.0025,0.322,853.28,992.0
44,2021,Alaton,3.082,76.74,1510.2,72.55,12945.71,0.0699,-0.00568,3247.2527,976.6,0.6658,0.0036,0.0004,0.322,853.28,992.0
44,2021,Benth,3.079,77.01,1509.23,71.25,15538.08,0.0858,-0.00682,3054.1781,976.6,0.6658,0.0052,-0.0001,0.322,853.28,992.0
44,2021,XGB,3.002,72.27,1421.0,71.94,8143.39,0.0479,-0.00403,2952.4889,976.6,0.6658,0.0003,0.0033,0.322,853.28,992.0
44,2021,WaveletFNN,3.296,82.27,1509.48,72.04,12813.68,0.0717,-0.00562,2064.6109,976.6,0.6658,0.0021,0.0019,0.322,853.28,992.0
44,2021,LSTM,2.805,56.19,91.65,68.21,84.49,0.008,-0.01006,10.6106,976.6,0.6658,-0.0,0.002,0.322,853.28,992.0
44,2021,FeedForwardNN,2.838,56.7,76.26,68.48,43.28,0.0049,-0.00744,7.8773,976.6,0.6658,0.0,0.0036,0.322,853.28,992.0
44,2022,HBA,3.087,76.1,1397.39,71.9,6832.68,0.0423,-0.0035,2014.484,974.3,0.6658,0.0017,0.0009,0.25,1245.06,1008.0
44,2022,Alaton,3.135,79.1,1493.38,74.86,7596.14,0.0445,-0.00341,2382.2431,974.3,0.6658,0.0003,0.0001,0.25,1245.06,1008.0
44,2022,Benth,3.127,78.78,1473.98,74.13,4628.08,0.0276,-0.00213,2275.9108,974.3,0.6658,0.0003,0.0,0.25,1245.06,1008.0
44,2022,XGB,3.054,75.49,1390.14,74.46,7239.02,0.0449,-0.00375,2041.8038,974.3,0.6658,0.0013,0.0016,0.25,1245.06,1008.0
44,2022,WaveletFNN,3.31,84.32,1630.9,75.4,8270.86,0.0442,-0.00311,2850.3217,974.3,0.6658,0.0016,0.0025,0.25,1245.06,1008.0
44,2022,LSTM,2.802,60.33,1206.65,75.47,5810.1,0.0414,-0.00399,4442.0906,974.3,0.6658,0.0013,0.0031,0.25,1245.06,1008.0
44,2022,FeedForwardNN,2.853,64.12,1282.35,76.63,5904.88,0.039,-0.00359,5998.8874,974.3,0.6658,0.0002,0.0024,0.25,1245.06,1008.0
44,2023,HBA,3.103,77.03,1447.3,73.32,12497.79,0.0754,-0.00597,2249.5749,979.4,0.6658,0.0037,0.0005,0.264,1126.7,1008.0
44,2023,Alaton,3.15,81.16,1566.82,76.25,12111.08,0.0682,-0.00493,2849.5566,979.4,0.6658,0.0016,0.0027,0.264,1126.7,1008.0
44,2023,Benth,3.142,79.57,1515.65,74.04,8700.18,0.0505,-0.00379,2542.8133,979.4,0.6658,0.0007,0.0007,0.264,1126.7,1008.0
44,2023,XGB,3.065,76.33,1459.03,76.74,11302.76,0.0677,-0.00531,2480.0082,979.4,0.6658,0.0026,0.0048,0.264,1126.7,1008.0
44,2023,WaveletFNN,3.323,84.05,1575.9,75.26,9939.97,0.0548,-0.004,2374.4557,979.4,0.6658,0.0004,0.0014,0.264,1126.7,1008.0
44,2023,LSTM,2.809,60.47,1209.22,77.69,8454.19,0.0606,-0.00578,3505.3355,979.4,0.6658,0.0019,0.0034,0.264,1126.7,1008.0
44,2023,FeedForwardNN,2.847,63.57,1271.32,77.61,10264.16,0.071,-0.00635,3816.1379,979.4,0.6658,0.0048,0.0015,0.264,1126.7,1008.0
44,2024,HBA,3.077,75.21,1410.07,73.47,13418.2,0.0852,-0.00675,2196.1033,982.1,0.6658,0.0047,0.0003,0.3,1109.1,832.0
44,2024,Alaton,3.107,78.11,1520.92,75.77,11589.28,0.0678,-0.00501,2955.5674,982.1,0.6658,0.0011,0.0031,0.3,1109.1,832.0
44,2024,Benth,3.098,78.13,1488.45,72.7,14778.84,0.0894,-0.00667,2478.7733,982.1,0.6658,0.0053,0.0004,0.3,1109.1,832.0
44,2024,XGB,3.044,75.4,1457.67,75.25,14694.7,0.0902,-0.00692,2635.6484,982.1,0.6658,0.004,0.003,0.3,1109.1,832.0
44,2024,WaveletFNN,3.22,77.53,786.7,73.07,4435.7,0.0514,-0.00717,444.7881,982.1,0.6658,0.0004,0.0017,0.3,1109.1,832.0
44,2024,LSTM,2.788,62.12,1236.96,78.89,10411.62,0.075,-0.0068,3097.6626,982.1,0.6658,0.0033,0.0032,0.3,1109.1,832.0
44,2024,FeedForwardNN,2.832,63.36,1249.09,78.96,9336.66,0.0673,-0.00598,2555.3852,982.1,0.6658,0.0017,0.006,0.3,1109.1,832.0
52,2015,HBA,2.828,55.16,1008.88,52.47,-42334.92,-0.478,0.04159,1421.7906,415.4,0.4959,0.1861,0.1352,-0.643,456.61,1152.0
52,2015,Alaton,2.87,54.72,1022.94,54.73,-42907.43,-0.4805,0.041,1553.6985,415.4,0.4959,0.1888,0.1932,-0.643,456.61,1152.0
52,2015,Benth,2.87,56.01,1063.3,53.84,-46370.25,-0.4971,0.04101,1713.7032,415.4,0.4959,0.2034,0.1742,-0.643,456.61,1152.0
52,2015,XGB,2.838,54.84,1013.26,54.56,-42592.15,-0.4799,0.04148,1445.4712,415.4,0.4959,0.1944,0.1734,-0.643,456.61,1152.0
52,2015,WaveletFNN,3.058,66.16,1323.15,57.03,-77315.21,-0.6575,0.04416,4694.0545,415.4,0.4959,0.381,0.2593,-0.643,456.61,1152.0
52,2015,LSTM,2.707,48.3,900.88,56.6,-31970.07,-0.4174,0.03939,1374.4545,415.4,0.4959,0.1412,0.2676,-0.643,456.61,1152.0
52,2015,FeedForwardNN,2.768,48.3,883.42,53.6,-32331.28,-0.4279,0.04143,1233.9262,415.4,0.4959,0.1481,0.1997,-0.643,456.61,1152.0
52,2016,HBA,2.812,54.6,1031.99,52.32,-41920.61,-0.4666,0.03936,1639.3935,416.3,0.4959,0.1721,0.134,-0.579,358.21,992.0
52,2016,Alaton,2.859,54.86,1056.05,54.18,-43681.13,-0.4775,0.03917,1807.6623,416.3,0.4959,0.1734,0.1999,-0.579,358.21,992.0
52,2016,Benth,2.855,54.82,1058.36,53.1,-44508.97,-0.4865,0.03974,1909.8137,416.3,0.4959,0.1815,0.1647,-0.579,358.21,992.0
52,2016,XGB,2.823,53.78,1010.14,54.34,-40316.58,-0.4621,0.03951,1542.6476,416.3,0.4959,0.1639,0.1958,-0.579,358.21,992.0
52,2016,WaveletFNN,3.08,64.24,1203.04,53.13,-59483.49,-0.5475,0.0411,1807.461,416.3,0.4959,0.246,0.1355,-0.579,358.21,992.0
52,2016,LSTM,2.732,44.58,249.13,52.28,-4492.04,-0.2089,0.07238,83.8774,416.3,0.4959,0.0335,0.1442,-0.579,358.21,992.0
52,2016,FeedForwardNN,2.806,47.95,543.84,51.61,-14956.22,-0.3213,0.05057,358.36,416.3,0.4959,0.0807,0.149,-0.579,358.21,992.0
52,2017,HBA,2.764,53.75,963.77,51.04,-27990.02,-0.3315,0.03013,1227.7945,415.1,0.4959,0.0867,0.0636,-0.395,534.04,1136.0
52,2017,Alaton,2.79,53.44,980.11,52.25,-29127.27,-0.3398,0.03032,1379.4802,415.1,0.4959,0.092,0.0928,-0.395,534.04,1136.0
52,2017,Benth,2.792,53.27,998.23,51.78,-30157.33,-0.3502,0.03026,1503.5726,415.1,0.4959,0.1012,0.0806,-0.395,534.04,1136.0
52,2017,XGB,2.759,51.99,851.28,51.76,-24092.19,-0.3216,0.03325,893.4375,415.1,0.4959,0.082,0.0743,-0.395,534.04,1136.0
52,2017,WaveletFNN,3.011,57.43,759.29,48.71,-20670.01,-0.3061,0.03585,575.4247,415.1,0.4959,0.0825,0.0326,-0.395,534.04,1136.0
52,2017,LSTM,2.646,48.96,970.6,57.49,-28083.63,-0.3392,0.02981,2075.6565,415.1,0.4959,0.0919,0.1759,-0.395,534.04,1136.0
52,2017,FeedForwardNN,2.733,54.14,1082.73,56.45,-39132.04,-0.4339,0.03338,3979.9574,415.1,0.4959,0.1543,0.1774,-0.395,534.04,1136.0
52,2018,HBA,2.786,40.08,652.33,38.17,-24997.58,-0.4465,0.05874,657.1574,178.0,0.4137,0.1686,0.1093,-0.358,264.24,912.0
52,2018,Alaton,2.782,39.92,645.27,40.83,-24626.97,-0.4446,0.05915,636.7748,178.0,0.4137,0.1665,0.2053,-0.358,264.24,912.0
52,2018,Benth,2.783,40.32,662.2,40.14,-25356.01,-0.447,0.05782,672.8377,178.0,0.4137,0.1767,0.1686,-0.358,264.24,912.0
52,2018,XGB,2.79,40.37,649.63,40.01,-24887.51,-0.4456,0.05897,644.1513,178.0,0.4137,0.163,0.1803,-0.358,264.24,912.0
52,2018,WaveletFNN,2.795,31.15,38.48,30.55,-226.0,-0.0696,0.15263,3.0767,178.0,0.4137,0.0049,0.0032,-0.358,264.24,912.0
52,2018,LSTM,2.657,35.48,695.65,43.19,-26986.6,-0.4672,0.05577,1317.1981,178.0,0.4137,0.1827,0.3346,-0.358,264.24,912.0
52,2018,FeedForwardNN,2.761,37.87,729.65,41.24,-29552.67,-0.4814,0.05551,1205.3083,178.0,0.4137,0.1968,0.2604,-0.358,264.24,912.0
52,2019,HBA,2.779,53.3,989.6,51.17,-33046.87,-0.366,0.03374,1454.3904,420.3,0.4959,0.1117,0.0737,-0.507,428.52,1190.4
52,2019,Alaton,2.796,52.84,1007.72,53.06,-33196.86,-0.3647,0.03269,1657.3024,420.3,0.4959,0.105,0.1265,-0.507,428.52,1190.4
52,2019,Benth,2.796,53.03,1008.23,51.6,-33608.13,-0.3701,0.03306,1691.8476,420.3,0.4959,0.1104,0.0903,-0.507,428.52,1190.4
52,2019,XGB,2.776,53.04,993.59,52.92,-33119.29,-0.367,0.03355,1512.5625,420.3,0.4959,0.1103,0.1139,-0.507,428.52,1190.4
52,2019,WaveletFNN,3.041,59.23,917.83,49.22,-31632.48,-0.369,0.03755,857.098,420.3,0.4959,0.1171,0.0473,-0.507,428.52,1190.4
52,2019,LSTM,2.677,46.17,729.39,55.43,-19438.56,-0.2952,0.03654,743.3454,420.3,0.4959,0.0744,0.1516,-0.507,428.52,1190.4
52,2019,FeedForwardNN,2.748,48.05,854.56,53.74,-24259.78,-0.3147,0.03322,1102.3001,420.3,0.4959,0.0836,0.1326,-0.507,428.52,1190.4
52,2020,HBA,2.764,53.38,977.24,51.41,-32408.68,-0.3611,0.03394,1319.9224,420.5,0.4959,0.0977,0.0628,-0.525,498.41,784.0
52,2020,Alaton,2.799,54.28,1023.98,52.93,-35967.79,-0.3811,0.0343,1607.9195,420.5,0.4959,0.1043,0.124,-0.525,498.41,784.0
52,2020,Benth,2.798,53.99,1021.74,51.81,-37574.81,-0.3962,0.03599,1600.3184,420.5,0.4959,0.1151,0.0845,-0.525,498.41,784.0
52,2020,XGB,2.759,52.58,888.23,52.6,-28505.23,-0.3485,0.03613,997.5735,420.5,0.4959,0.0909,0.0987,-0.525,498.41,784.0
52,2020,WaveletFNN,3.017,62.61,1212.01,51.72,-53693.4,-0.4704,0.03655,2094.58,420.5,0.4959,0.1752,0.1009,-0.525,498.41,784.0
52,2020,LSTM,2.649,51.14,1008.78,59.61,-36353.01,-0.3944,0.03572,2061.8208,420.5,0.4959,0.1146,0.2122,-0.525,498.41,784.0
52,2020,FeedForwardNN,2.726,51.74,782.08,55.82,-24040.11,-0.3295,0.0393,740.3981,420.5,0.4959,0.0775,0.1231,-0.525,498.41,784.0
52,2021,HBA,2.749,38.85,704.71,37.68,-44117.68,-0.6102,0.08884,917.6326,181.6,0.4137,0.3106,0.2311,-0.557,131.77,1072.0
52,2021,Alaton,2.734,39.02,714.2,39.8,-45782.28,-0.6238,0.08975,964.2378,181.6,0.4137,0.334,0.373,-0.557,131.77,1072.0
52,2021,Benth,2.736,39.14,705.77,38.71,-45086.62,-0.62,0.09051,910.2997,181.6,0.4137,0.3271,0.3258,-0.557,131.77,1072.0
52,2021,XGB,2.734,39.66,727.15,39.52,-47001.62,-0.621,0.08889,985.7133,181.6,0.4137,0.325,0.3398,-0.557,131.77,1072.0
52,2021,WaveletFNN,2.991,43.09,520.62,35.16,-29498.17,-0.5345,0.10883,332.0187,181.6,0.4137,0.2558,0.127,-0.557,131.77,1072.0
52,2021,LSTM,2.682,32.31,219.32,38.85,-6648.7,-0.3138,0.13822,84.982,181.6,0.4137,0.081,0.2981,-0.557,131.77,1072.0
52,2021,FeedForwardNN,2.753,32.78,163.07,35.05,-4434.84,-0.2767,0.16677,45.3203,181.6,0.4137,0.069,0.1534,-0.557,131.77,1072.0
52,2022,HBA,2.779,39.51,645.2,37.8,-36994.29,-0.5731,0.08887,656.9705,180.6,0.4137,0.3023,0.2052,-0.537,277.52,1068.8
52,2022,Alaton,2.795,40.15,664.74,41.14,-37658.09,-0.5719,0.08522,690.401,180.6,0.4137,0.2976,0.3713,-0.537,277.52,1068.8
52,2022,Benth,2.792,40.25,658.63,38.98,-38279.55,-0.5779,0.08824,683.3429,180.6,0.4137,0.3051,0.2629,-0.537,277.52,1068.8
52,2022,XGB,2.787,40.63,676.48,40.49,-39266.67,-0.5792,0.08581,712.3242,180.6,0.4137,0.3001,0.3065,-0.537,277.52,1068.8
52,2022,WaveletFNN,3.017,48.74,964.78,40.71,-81181.68,-0.7598,0.08722,1969.8399,180.6,0.4137,0.5477,0.3967,-0.537,277.52,1068.8
52,2022,LSTM,2.668,37.86,744.45,42.94,-45719.69,-0.6271,0.0825,1408.2553,180.6,0.4137,0.3446,0.5219,-0.537,277.52,1068.8
52,2022,FeedForwardNN,2.783,38.92,733.93,41.4,-45869.91,-0.6259,0.08516,1052.2046,180.6,0.4137,0.3626,0.4203,-0.537,277.52,1068.8
52,2023,HBA,2.897,41.62,699.28,39.6,-39337.74,-0.554,0.08045,762.078,182.5,0.4137,0.2642,0.1624,-0.518,222.82,1088.0
52,2023,Alaton,2.902,41.76,720.72,42.99,-40834.58,-0.552,0.07861,851.7117,182.5,0.4137,0.2566,0.3277,-0.518,222.82,1088.0
52,2023,Benth,2.9,41.77,701.69,41.28,-39178.76,-0.5475,0.07957,767.2629,182.5,0.4137,0.2593,0.2513,-0.518,222.82,1088.0
52,2023,XGB,2.901,41.51,719.74,41.94,-41202.96,-0.5578,0.07954,848.861,182.5,0.4137,0.2756,0.2655,-0.518,222.82,1088.0
52,2023,WaveletFNN,3.069,45.55,831.75,39.04,-55143.73,-0.626,0.07971,1068.9068,182.5,0.4137,0.3549,0.2355,-0.518,222.82,1088.0
52,2023,LSTM,2.765,38.42,765.98,45.53,-46795.4,-0.6209,0.07976,1965.4868,182.5,0.4137,0.3306,0.5045,-0.518,222.82,1088.0
52,2023,FeedForwardNN,2.843,41.26,821.07,45.17,-54688.82,-0.6548,0.08112,1907.8293,182.5,0.4137,0.3742,0.4456,-0.518,222.82,1088.0
52,2024,HBA,2.832,40.49,689.61,39.1,-37843.98,-0.5494,0.07958,778.4039,183.2,0.4137,0.249,0.1486,-0.49,207.96,768.0
52,2024,Alaton,2.841,41.16,733.63,42.67,-41669.49,-0.5672,0.07742,920.6995,183.2,0.4137,0.2661,0.321,-0.49,207.96,768.0
52,2024,Benth,2.839,40.27,689.73,39.68,-38425.98,-0.5512,0.08077,787.0612,183.2,0.4137,0.2544,0.239,-0.49,207.96,768.0
52,2024,XGB,2.851,41.18,740.86,41.42,-42979.1,-0.5784,0.0783,946.7308,183.2,0.4137,0.2788,0.2764,-0.49,207.96,768.0
52,2024,WaveletFNN,2.946,46.51,928.73,42.17,-71823.91,-0.7224,0.08327,2269.5276,183.2,0.4137,0.4691,0.3607,-0.49,207.96,768.0
52,2024,LSTM,2.726,36.55,553.92,43.53,-25632.16,-0.4745,0.08354,486.6793,183.2,0.4137,0.1792,0.3511,-0.49,207.96,768.0
52,2024,FeedForwardNN,2.81,40.31,722.53,43.68,-40699.28,-0.5622,0.07796,894.9679,183.2,0.4137,0.2617,0.3365,-0.49,207.96,768.0
53,2015,HBA,2.248,31.51,538.86,29.77,-17244.54,-0.4082,0.05939,615.5353,142.6,0.4137,0.0974,0.0588,-0.389,153.92,1264.0
53,2015,Alaton,2.291,32.06,577.9,31.95,-19447.16,-0.4304,0.05823,775.9607,142.6,0.4137,0.1051,0.1171,-0.389,153.92,1264.0
53,2015,Benth,2.29,32.5,590.21,30.08,-20481.55,-0.444,0.0588,795.457,142.6,0.4137,0.1209,0.0633,-0.389,153.92,1264.0
53,2015,XGB,2.259,30.67,491.54,31.04,-14372.78,-0.377,0.05949,495.1364,142.6,0.4137,0.0823,0.0821,-0.389,153.92,1264.0
53,2015,WaveletFNN,2.378,32.35,522.82,29.25,-16513.36,-0.398,0.06041,522.4706,142.6,0.4137,0.0902,0.0648,-0.389,153.92,1264.0
53,2015,LSTM,2.144,29.1,414.22,33.02,-11039.13,-0.3461,0.06434,330.1486,142.6,0.4137,0.0711,0.1008,-0.389,153.92,1264.0
53,2015,FeedForwardNN,2.158,25.43,135.59,27.99,-1689.09,-0.1621,0.09188,36.9113,142.6,0.4137,0.0133,0.0224,-0.389,153.92,1264.0
53,2016,HBA,2.178,21.37,319.24,21.01,-4371.41,-0.1704,0.04289,304.8453,99.1,0.4137,0.013,0.0093,-0.403,106.84,1088.0
53,2016,Alaton,2.174,21.47,320.08,21.86,-4313.36,-0.1696,0.0421,303.7094,99.1,0.4137,0.0139,0.0197,-0.403,106.84,1088.0
53,2016,Benth,2.174,21.6,322.83,21.74,-4886.27,-0.188,0.04689,304.2617,99.1,0.4137,0.0209,0.0147,-0.403,106.84,1088.0
53,2016,XGB,2.17,21.67,339.01,21.64,-4842.04,-0.1798,0.04213,342.9498,99.1,0.4137,0.0162,0.0173,-0.403,106.84,1088.0
53,2016,WaveletFNN,2.211,21.63,370.51,22.1,-6172.87,-0.2044,0.04497,454.8934,99.1,0.4137,0.0258,0.0247,-0.403,106.84,1088.0
53,2016,LSTM,1.926,15.21,189.29,21.32,-1443.04,-0.0948,0.04027,137.4806,99.1,0.4137,0.0028,0.0172,-0.403,106.84,1088.0
53,2016,FeedForwardNN,1.982,16.46,227.81,21.27,-2190.68,-0.1204,0.04221,187.6547,99.1,0.4137,0.005,0.0103,-0.403,106.84,1088.0
53,2017,HBA,2.083,20.77,292.13,20.03,-5372.04,-0.2276,0.06295,255.6869,99.3,0.4137,0.0316,0.0238,-0.505,136.85,1233.59
53,2017,Alaton,2.069,20.64,284.75,20.91,-4976.84,-0.2187,0.06138,239.8211,99.3,0.4137,0.0298,0.0313,-0.505,136.85,1233.59
53,2017,Benth,2.07,20.83,290.68,20.68,-5308.84,-0.2221,0.06283,252.3148,99.3,0.4137,0.0314,0.0303,-0.505,136.85,1233.59
53,2017,XGB,2.062,20.46,260.99,20.46,-4225.4,-0.1987,0.06203,199.9998,99.3,0.4137,0.0215,0.0296,-0.505,136.85,1233.59
53,2017,WaveletFNN,2.096,19.99,290.36,19.66,-5112.11,-0.2186,0.06064,253.228,99.3,0.4137,0.0309,0.0278,-0.505,136.85,1233.59
53,2017,LSTM,1.87,15.47,295.2,20.87,-4808.36,-0.2072,0.05518,479.5682,99.3,0.4137,0.0332,0.0571,-0.505,136.85,1233.59
53,2017,FeedForwardNN,1.922,16.68,333.52,20.6,-7155.9,-0.2755,0.06433,1023.1789,99.3,0.4137,0.0505,0.0553,-0.505,136.85,1233.59
53,2018,HBA,2.123,21.32,315.04,20.75,-2274.23,-0.09,0.02291,285.778,100.1,0.4137,0.0024,0.0046,-0.377,120.77,1103.91
53,2018,Alaton,2.109,21.22,302.62,21.63,-2313.06,-0.0945,0.02526,264.0681,100.1,0.4137,0.0045,0.0067,-0.377,120.77,1103.91
53,2018,Benth,2.108,21.41,311.2,21.25,-2780.82,-0.1104,0.02871,278.0876,100.1,0.4137,0.0055,0.0022,-0.377,120.77,1103.91
53,2018,XGB,2.109,21.34,322.99,21.4,-2643.67,-0.1018,0.02534,301.2959,100.1,0.4137,0.004,0.007,-0.377,120.77,1103.91
53,2018,WaveletFNN,2.091,19.65,145.81,20.8,-630.19,-0.0534,0.02964,61.1978,100.1,0.4137,0.001,0.0058,-0.377,120.77,1103.91
53,2018,LSTM,1.865,15.36,250.05,21.7,-1496.29,-0.0747,0.02393,261.4927,100.1,0.4137,0.0023,0.008,-0.377,120.77,1103.91
53,2018,FeedForwardNN,1.901,16.21,317.61,22.02,-2670.77,-0.1067,0.02648,580.904,100.1,0.4137,0.0066,0.0042,-0.377,120.77,1103.91
53,2019,HBA,2.18,21.67,334.69,20.75,-3620.85,-0.136,0.03232,346.5368,100.5,0.4137,0.0085,0.0074,-0.411,84.44,1260.8
53,2019,Alaton,2.173,21.72,329.93,21.49,-4235.03,-0.1604,0.03891,332.7454,100.5,0.4137,0.0174,0.0188,-0.411,84.44,1260.8
53,2019,Benth,2.171,21.29,329.2,21.39,-3769.16,-0.1411,0.03478,344.2504,100.5,0.4137,0.0101,0.0113,-0.411,84.44,1260.8
53,2019,XGB,2.164,21.43,350.89,21.58,-4903.53,-0.1763,0.03983,398.4254,100.5,0.4137,0.0173,0.0169,-0.411,84.44,1260.8
53,2019,WaveletFNN,2.242,20.74,203.07,20.41,-1864.65,-0.1162,0.04522,112.2254,100.5,0.4137,0.0096,0.0101,-0.411,84.44,1260.8
53,2019,LSTM,1.968,15.01,69.71,20.49,-236.02,-0.0425,0.04857,19.82,100.5,0.4137,0.0009,0.0065,-0.411,84.44,1260.8
53,2019,FeedForwardNN,2.008,14.85,21.28,18.47,-4.41,-0.0026,0.00974,2.1761,100.5,0.4137,-0.0,0.0015,-0.411,84.44,1260.8
53,2020,HBA,2.06,21.14,297.72,20.74,-4170.51,-0.1737,0.04705,250.9438,100.2,0.4137,0.015,0.0104,-0.456,141.58,1085.75
53,2020,Alaton,2.046,21.0,292.43,21.38,-4371.49,-0.1853,0.05112,250.0741,100.2,0.4137,0.0237,0.0265,-0.456,141.58,1085.75
53,2020,Benth,2.046,21.1,292.6,20.97,-3845.67,-0.1637,0.04492,250.8428,100.2,0.4137,0.0128,0.0165,-0.456,141.58,1085.75
53,2020,XGB,2.041,20.99,278.12,21.04,-3640.54,-0.1609,0.04707,218.8854,100.2,0.4137,0.0139,0.0243,-0.456,141.58,1085.75
53,2020,WaveletFNN,2.107,22.19,390.96,21.39,-6501.24,-0.2045,0.04253,494.8209,100.2,0.4137,0.0243,0.0275,-0.456,141.58,1085.75
53,2020,LSTM,1.805,14.81,295.67,21.71,-3556.87,-0.1515,0.04069,673.9355,100.2,0.4137,0.013,0.0371,-0.456,141.58,1085.75
53,2020,FeedForwardNN,1.863,15.59,272.9,21.22,-2610.56,-0.1202,0.03505,327.6498,100.2,0.4137,0.0044,0.0284,-0.456,141.58,1085.75
53,2021,HBA,2.035,19.78,341.17,19.45,-7328.24,-0.2632,0.06296,387.2669,101.0,0.4137,0.0504,0.0324,-0.506,54.78,1189.21
53,2021,Alaton,2.025,19.47,336.03,19.5,-6980.06,-0.2575,0.06182,381.4179,101.0,0.4137,0.0497,0.0691,-0.506,54.78,1189.21
53,2021,Benth,2.026,19.6,335.93,19.75,-7228.03,-0.2656,0.06405,381.6204,101.0,0.4137,0.0541,0.0504,-0.506,54.78,1189.21
53,2021,XGB,2.032,19.66,326.6,19.6,-6581.89,-0.2501,0.0617,346.3722,101.0,0.4137,0.0399,0.0426,-0.506,54.78,1189.21
53,2021,WaveletFNN,2.065,18.66,340.3,19.79,-7325.12,-0.2668,0.06325,453.1887,101.0,0.4137,0.048,0.0668,-0.506,54.78,1189.21
53,2021,LSTM,1.9,14.2,27.38,18.57,-136.9,-0.0618,0.18259,3.7224,101.0,0.4137,0.0028,0.0177,-0.506,54.78,1189.21
53,2021,FeedForwardNN,1.962,14.86,24.17,18.01,-153.81,-0.0772,0.26328,3.1651,101.0,0.4137,0.0056,0.0035,-0.506,54.78,1189.21
53,2022,HBA,2.144,20.92,300.11,20.21,-5470.15,-0.2286,0.06073,260.7994,100.1,0.4137,0.0355,0.024,-0.459,136.19,1193.44
53,2022,Alaton,2.144,20.7,291.91,21.01,-5333.28,-0.2316,0.06259,250.0436,100.1,0.4137,0.0409,0.05,-0.459,136.19,1193.44
53,2022,Benth,2.145,20.93,295.59,20.71,-5558.78,-0.233,0.06362,256.5747,100.1,0.4137,0.0405,0.0321,-0.459,136.19,1193.44
53,2022,XGB,2.139,20.89,298.28,20.72,-6127.98,-0.2541,0.06888,254.9127,100.1,0.4137,0.0486,0.0358,-0.459,136.19,1193.44
53,2022,WaveletFNN,2.201,22.81,447.07,21.41,-12383.32,-0.3499,0.06196,917.0456,100.1,0.4137,0.0906,0.0727,-0.459,136.19,1193.44
53,2022,LSTM,1.931,16.19,323.65,21.53,-6192.81,-0.2473,0.05912,978.1802,100.1,0.4137,0.0434,0.081,-0.459,136.19,1193.44
53,2022,FeedForwardNN,1.945,17.15,342.98,21.53,-8242.11,-0.315,0.07006,1392.5527,100.1,0.4137,0.0715,0.0945,-0.459,136.19,1193.44
53,2023,HBA,2.207,22.15,322.76,21.47,-5879.35,-0.2325,0.05644,286.2292,100.8,0.4137,0.0405,0.022,-0.453,125.69,1148.8
53,2023,Alaton,2.199,21.81,323.75,21.99,-5492.56,-0.2151,0.0524,295.9577,100.8,0.4137,0.0281,0.0554,-0.453,125.69,1148.8
53,2023,Benth,2.198,21.8,318.73,21.5,-5714.56,-0.2269,0.05625,287.1995,100.8,0.4137,0.0336,0.0285,-0.453,125.69,1148.8
53,2023,XGB,2.197,21.74,327.11,21.8,-5839.5,-0.2281,0.05457,296.9023,100.8,0.4137,0.0333,0.0352,-0.453,125.69,1148.8
53,2023,WaveletFNN,2.231,22.01,352.31,21.73,-6403.87,-0.2311,0.05159,363.1718,100.8,0.4137,0.0332,0.0503,-0.453,125.69,1148.8
53,2023,LSTM,1.965,15.68,308.34,22.39,-4713.38,-0.2012,0.04958,633.2766,100.8,0.4137,0.0234,0.0571,-0.453,125.69,1148.8
53,2023,FeedForwardNN,2.008,17.36,338.55,21.88,-5969.41,-0.2254,0.05208,660.7752,100.8,0.4137,0.0343,0.0519,-0.453,125.69,1148.8
53,2024,HBA,2.186,21.39,314.99,21.32,-5814.33,-0.237,0.0586,290.4295,101.2,0.4137,0.0425,0.0231,-0.432,122.11,1043.68
53,2024,Alaton,2.185,21.71,332.18,22.01,-6204.65,-0.2465,0.05623,321.2714,101.2,0.4137,0.0436,0.0521,-0.432,122.11,1043.68
53,2024,Benth,2.183,21.64,318.74,21.71,-5602.51,-0.2289,0.05514,291.6006,101.2,0.4137,0.0383,0.0318,-0.432,122.11,1043.68
53,2024,XGB,2.182,21.56,340.52,21.95,-6807.2,-0.2518,0.05871,346.5194,101.2,0.4137,0.0477,0.0465,-0.432,122.11,1043.68
53,2024,WaveletFNN,2.205,20.07,160.52,21.14,-2060.47,-0.1652,0.07997,67.0715,101.2,0.4137,0.0204,0.0263,-0.432,122.11,1043.68
53,2024,LSTM,1.949,15.23,238.31,21.87,-3523.17,-0.192,0.06204,236.3411,101.2,0.4137,0.0299,0.0463,-0.432,122.11,1043.68
53,2024,FeedForwardNN,1.973,16.76,296.93,21.78,-4517.08,-0.2,0.05123,370.5653,101.2,0.4137,0.0255,0.0471,-0.432,122.11,1043.68
